04:52:26.067430	INFO	FC 27 Live Editor - v27.1.0
04:52:26.067834	INFO	Proc <FC27.exe> 0x140000000-0x162371000
04:52:26.068118	INFO	Module <FCLiveEditor.DLL> 0x7FFCFDAB0000-0x7FFCFE515000
04:52:26.068378	INFO	CMD: "C:\Jogos\EA SPORTS FC 27\FC27.exe" 
04:52:26.068793	INFO	anadius.cfg
04:52:26.069738	INFO	Load Config From C:\FC 27 Live Editor\le_config.json
04:52:26.070412	INFO	Config Load Done
04:52:26.071933	INFO	Load Language - EN
04:52:26.075632	INFO	Language Loaded
04:52:26.076551	INFO	Engine Setup
04:52:26.077631	INFO	----------------------------[Context]---------------------------
04:52:26.096358	INFO	Live Editor DLL Path:    C:\Users\tyler\OneDrive\Documentos\FC 27 LE v27.1.0 - Private
04:52:26.096756	INFO	Game Path:               C:\Jogos\EA SPORTS FC 27
04:52:26.097146	INFO	Game Version:            1.0.140.52122
04:52:26.097422	INFO	----------------------------------------------------------------
04:52:26.097672	INFO	[LE::CFSManager::LoadHashes] Start
04:52:26.098022	INFO	Loading Legacy Hashes from file: C:\Users\tyler\OneDrive\Documentos\FC 27 LE v27.1.0 - Private\legacy_filename_hash_list.csv
04:52:26.254457	INFO	Loading Legacy Hashes from file: C:\FC 27 Live Editor\extensions\legacy_filename_hash_list.csv
04:52:26.255152	INFO	[LE::CFSManager::LoadHashes] Done
04:52:26.255636	INFO	Init LUA Scripts Manager
04:52:26.256341	INFO	[LE::LUA::ScriptsManager::LoadVars] Start
04:52:26.256774	INFO	[LUA API] Run Code
04:52:26.257070	INFO	[LUA API] Run Code Success
04:52:26.257311	INFO	[LE::LUA::ScriptsManager::LoadVars] Done
04:52:26.257814	INFO	[LUA API] Init LIVE EDITOR LUA API V1
04:52:26.264464	INFO	[LUA API] Init LIVE EDITOR LUA API V2
04:52:26.264743	INFO	[LUA API] Load LIVE EDITOR v27.1.0 LUA API V2
04:52:26.265218	INFO	Init LUA Scripts Manager Done
04:52:26.265432	INFO	Initializing
04:52:26.850974	INFO	Initializing End
04:52:26.851364	INFO	Waiting for Press Any Key Screen
04:52:44.933395	INFO	Native Root Path: C:\Jogos\EA SPORTS FC 27\
04:52:45.046278	INFO	[Legacy File Load Tracking] TryFindFile Data/aitestbed.ini. Result = false. find_encrypted = true is_modded = false, chunk = {02402ed8-0000-0000-c32d-400200000000}, start = 0x00000000, end = 0x02402ED8, offset = 0x00000000, size = 0x00000000)
04:52:45.046670	INFO	[Legacy File Load Tracking] TryFindFile Data/attribute.ini. Result = false. find_encrypted = true is_modded = false, chunk = {02402ed8-0000-0000-c32d-400200000000}, start = 0x00000000, end = 0x02402ED8, offset = 0x00000000, size = 0x00000000)
04:52:45.047015	INFO	[Legacy File Load Tracking] TryFindFile Data/var.ini. Result = false. find_encrypted = true is_modded = false, chunk = {02402ed8-0000-0000-c32d-400200000000}, start = 0x00000000, end = 0x02402ED8, offset = 0x00000000, size = 0x00000000)
04:52:45.047323	INFO	[Legacy File Load Tracking] TryFindFile Data/desynctest.ini. Result = false. find_encrypted = true is_modded = false, chunk = {02402ed8-0000-0000-c32d-400200000000}, start = 0x00000000, end = 0x02402ED8, offset = 0x00000000, size = 0x00000000)
04:52:45.049433	INFO	[Legacy File Load Tracking] TryFindFile Data/testbedteams.ini. Result = false. find_encrypted = true is_modded = false, chunk = {a2f9c485-98f2-061b-5605-bd5f06f3863f}, start = 0x00CC2F28, end = 0x02402ED8, offset = 0x00000000, size = 0x00000000)
04:52:45.050061	INFO	[Legacy File Load Tracking] TryFindFile Data/game.ini. Result = false. find_encrypted = true is_modded = false, chunk = {332c3633-2c37-3534-2c34-362c34372c34}, start = 0x2C31352C30352C38, end = 0x34352C33352C3235, offset = 0x00000000, size = 0x00000000)
04:52:45.156983	INFO	[Legacy File Load Tracking] TryFindFile fcsetup.ini. Result = false. find_encrypted = true is_modded = false, chunk = {00000010-0000-0000-604d-cc0000000000}, start = 0x00000000, end = 0x140B8A931, offset = 0x00000000, size = 0x00000000)
04:52:45.839774	INFO	[DETOURS::OTHER::GAME_INIT::NewCode] Start
04:52:45.846009	INFO	[Legacy File Load Tracking] TryFindFile data/gamesettings/gamesettings_meta.json. Result = true. find_encrypted = true is_modded = false, chunk = {3ec62401-2dd0-bd89-4ec2-1cdfd1b55e2d}, start = 0x0174BA12, end = 0x0175CFBF, offset = 0x02609FAA, size = 0x000451D0)
04:52:45.846508	INFO	[Legacy File Load Tracking] LoadFile: data/gamesettings/gamesettings_meta.json. chunk = {3ec62401-2dd0-bd89-4ec2-1cdfd1b55e2d}, start = 0x0174BA12, end = 0x0175CFBF, offset = 0x02609FAA, size = 0x000451D0
04:52:45.853075	INFO	[Legacy File Load Tracking] TryFindFile data/gamesettings/gamesettings_context_General.json. Result = true. find_encrypted = true is_modded = false, chunk = {dd9dcec7-aa96-0b83-6559-a26aa147fc6d}, start = 0x01933B6B, end = 0x01941272, offset = 0x027DEE2F, size = 0x00018E5F)
04:52:45.853522	INFO	[Legacy File Load Tracking] LoadFile: data/gamesettings/gamesettings_context_General.json. chunk = {dd9dcec7-aa96-0b83-6559-a26aa147fc6d}, start = 0x01933B6B, end = 0x01941272, offset = 0x027DEE2F, size = 0x00018E5F
04:52:45.855913	INFO	[Legacy File Load Tracking] TryFindFile data/gamesettings/gamesettings_context_Career.json. Result = true. find_encrypted = true is_modded = false, chunk = {1be9e79c-51dc-9379-fd42-17d6db947acd}, start = 0x011DB66E, end = 0x011E17AD, offset = 0x027F6EB6, size = 0x000065FC)
04:52:45.856235	INFO	[Legacy File Load Tracking] LoadFile: data/gamesettings/gamesettings_context_Career.json. chunk = {1be9e79c-51dc-9379-fd42-17d6db947acd}, start = 0x011DB66E, end = 0x011E17AD, offset = 0x027F6EB6, size = 0x000065FC
04:52:45.857135	INFO	[Legacy File Load Tracking] TryFindFile data/gamesettings/gamesettings_context_Career_Setup.json. Result = true. find_encrypted = true is_modded = false, chunk = {3ec62401-2dd0-bd89-4ec2-1cdfd1b55e2d}, start = 0x01822AFE, end = 0x0184761C, offset = 0x027E4AC0, size = 0x00003616)
04:52:45.857387	INFO	[Legacy File Load Tracking] LoadFile: data/gamesettings/gamesettings_context_Career_Setup.json. chunk = {3ec62401-2dd0-bd89-4ec2-1cdfd1b55e2d}, start = 0x01822AFE, end = 0x0184761C, offset = 0x027E4AC0, size = 0x00003616
04:52:45.857938	INFO	[Legacy File Load Tracking] TryFindFile data/gamesettings/gamesettings_context_Online.json. Result = true. find_encrypted = true is_modded = false, chunk = {dd9dcec7-aa96-0b83-6559-a26aa147fc6d}, start = 0x0190BE10, end = 0x01933B6B, offset = 0x027B8B26, size = 0x00001671)
04:52:45.858234	INFO	[Legacy File Load Tracking] LoadFile: data/gamesettings/gamesettings_context_Online.json. chunk = {dd9dcec7-aa96-0b83-6559-a26aa147fc6d}, start = 0x0190BE10, end = 0x01933B6B, offset = 0x027B8B26, size = 0x00001671
04:52:45.858694	INFO	[Legacy File Load Tracking] TryFindFile data/gamesettings/gamesettings_context_Telstar.json. Result = true. find_encrypted = true is_modded = false, chunk = {3ec62401-2dd0-bd89-4ec2-1cdfd1b55e2d}, start = 0x0176195A, end = 0x0178055A, offset = 0x026DC56F, size = 0x000044EF)
04:52:45.858941	INFO	[Legacy File Load Tracking] LoadFile: data/gamesettings/gamesettings_context_Telstar.json. chunk = {3ec62401-2dd0-bd89-4ec2-1cdfd1b55e2d}, start = 0x0176195A, end = 0x0178055A, offset = 0x026DC56F, size = 0x000044EF
04:52:45.859785	INFO	[Legacy File Load Tracking] TryFindFile data/db/fifa_index_db.db. Result = true. find_encrypted = true is_modded = false, chunk = {ca538e88-ccf9-a92d-712f-a71ec2c3bb4d}, start = 0x00D7086A, end = 0x00D8A348, offset = 0x06FB8328, size = 0x00088EAC)
04:52:45.860152	INFO	[Legacy File Load Tracking] LoadFile: data/db/fifa_index_db.db. chunk = {ca538e88-ccf9-a92d-712f-a71ec2c3bb4d}, start = 0x00D7086A, end = 0x00D8A348, offset = 0x06FB8328, size = 0x00088EAC
04:52:45.860697	INFO	[Legacy File Load Tracking] TryFindFile data/db/fifa_index_db-meta.xml. Result = true. find_encrypted = true is_modded = false, chunk = {ca538e88-ccf9-a92d-712f-a71ec2c3bb4d}, start = 0x00CE0F82, end = 0x00CEEE5B, offset = 0x069D9023, size = 0x000006B5)
04:52:45.861034	INFO	[Legacy File Load Tracking] LoadFile: data/db/fifa_index_db-meta.xml. chunk = {ca538e88-ccf9-a92d-712f-a71ec2c3bb4d}, start = 0x00CE0F82, end = 0x00CEEE5B, offset = 0x069D9023, size = 0x000006B5
04:52:45.864096	INFO	[Legacy File Load Tracking] TryFindFile data/db/fifa_storage_db.db. Result = true. find_encrypted = true is_modded = false, chunk = {9e854e34-7342-e82e-6609-73cd3bc16dd6}, start = 0x00000000, end = 0x01D6A10C, offset = 0x00000000, size = 0x01D6A10C)
04:52:45.891687	INFO	[Legacy File Load Tracking] TryFindFile data/db/fifa_storage_db-meta.xml. Result = true. find_encrypted = true is_modded = false, chunk = {ca538e88-ccf9-a92d-712f-a71ec2c3bb4d}, start = 0x00F3A6BD, end = 0x00F4C630, offset = 0x0823F4E2, size = 0x0003109D)
04:52:45.892139	INFO	[Legacy File Load Tracking] LoadFile: data/db/fifa_storage_db-meta.xml. chunk = {ca538e88-ccf9-a92d-712f-a71ec2c3bb4d}, start = 0x00F3A6BD, end = 0x00F4C630, offset = 0x0823F4E2, size = 0x0003109D
04:52:45.914551	INFO	[Legacy File Load Tracking] TryFindFile data/db/fifa_ng_db.db. Result = true. find_encrypted = true is_modded = false, chunk = {76190bd2-fb9d-cc95-94ef-508c763286f9}, start = 0x011E29B5, end = 0x01647986, offset = 0x0180DC2F, size = 0x00F74BC0)
04:52:45.915073	INFO	[Legacy File Load Tracking] LoadFile: data/db/fifa_ng_db.db. chunk = {76190bd2-fb9d-cc95-94ef-508c763286f9}, start = 0x011E29B5, end = 0x01647986, offset = 0x0180DC2F, size = 0x00F74BC0
04:52:45.917086	INFO	[Legacy File Load Tracking] TryFindFile data/db/fifa_ng_db-meta.xml. Result = true. find_encrypted = true is_modded = false, chunk = {e49b9e68-877d-a211-94db-607f30d31199}, start = 0x004CA48F, end = 0x004E7DE7, offset = 0x007E0AC2, size = 0x00158CB2)
04:52:45.917437	INFO	[Legacy File Load Tracking] LoadFile: data/db/fifa_ng_db-meta.xml. chunk = {e49b9e68-877d-a211-94db-607f30d31199}, start = 0x004CA48F, end = 0x004E7DE7, offset = 0x007E0AC2, size = 0x00158CB2
04:52:46.174253	INFO	[Legacy File Load Tracking] TryFindFile data/db/fifa_ng_db-allow.xml. Result = true. find_encrypted = true is_modded = false, chunk = {cc1451be-ab8c-d0ba-a504-969d54629c3d}, start = 0x00A3172C, end = 0x00A3AABC, offset = 0x0375F918, size = 0x0000024C)
04:52:46.174652	INFO	[Legacy File Load Tracking] LoadFile: data/db/fifa_ng_db-allow.xml. chunk = {cc1451be-ab8c-d0ba-a504-969d54629c3d}, start = 0x00A3172C, end = 0x00A3AABC, offset = 0x0375F918, size = 0x0000024C
04:52:46.285314	INFO	Game Init - Stage 1
04:52:46.285812	INFO	Game Init - Stage 2
04:52:46.286595	INFO	Game Init - Stage 3
04:52:46.286897	INFO	[LE::SpeedhackManager::HandleGameInit] Start
04:52:46.287133	INFO	Game Init gameplay speed: 1.00
04:52:46.287341	INFO	Game Init menu speed:     1.00
04:52:46.287550	INFO	[DETOURS::OTHER::GAME_INIT::NewCode] Done
04:52:46.293922	INFO	[Legacy File Load Tracking] TryFindFile data/fifarna/lua/assets.lua. Result = true. find_encrypted = true is_modded = false, chunk = {3ec62401-2dd0-bd89-4ec2-1cdfd1b55e2d}, start = 0x01822AFE, end = 0x0184761C, offset = 0x027EAAF6, size = 0x0000057B)
04:52:46.294486	INFO	[Legacy File Load Tracking] TryFindFile data/fifarna/lua/assets/player.lua. Result = true. find_encrypted = true is_modded = false, chunk = {ab0ea962-5427-4b7f-838a-2ca6d83a07a9}, start = 0x01FFEA5D, end = 0x020044AE, offset = 0x027E6086, size = 0x00002BCA)
04:52:46.294823	INFO	[Legacy File Load Tracking] TryFindFile data/fifarna/lua/assets/sle.lua. Result = true. find_encrypted = true is_modded = false, chunk = {3ec62401-2dd0-bd89-4ec2-1cdfd1b55e2d}, start = 0x01742864, end = 0x0174BA12, offset = 0x025FA71C, size = 0x00002A3E)
04:52:46.295151	INFO	[Legacy File Load Tracking] TryFindFile data/fifarna/lua/assets/highresslc.lua. Result = true. find_encrypted = true is_modded = false, chunk = {e49b9e68-877d-a211-94db-607f30d31199}, start = 0x00B4B4BC, end = 0x00B767C3, offset = 0x011D31F1, size = 0x000029AD)
04:52:46.295468	INFO	[Legacy File Load Tracking] TryFindFile data/fifarna/lua/assets/highrescrowd.lua. Result = true. find_encrypted = true is_modded = false, chunk = {e49b9e68-877d-a211-94db-607f30d31199}, start = 0x01B6E4A0, end = 0x01B98FDC, offset = 0x0269234F, size = 0x0000083A)
04:52:46.449922	INFO	[Legacy File Load Tracking] TryFindFile data/loc/por_br.db. Result = true. find_encrypted = true is_modded = false, chunk = {570aa8f9-74ae-9f39-86de-97dadc76b595}, start = 0x00000000, end = 0x0086F350, offset = 0x00000000, size = 0x0086F240)
04:52:46.450327	INFO	[Legacy File Load Tracking] LoadFile: data/loc/por_br.db. chunk = {570aa8f9-74ae-9f39-86de-97dadc76b595}, start = 0x00000000, end = 0x0086F350, offset = 0x00000000, size = 0x0086F240
04:52:46.505994	INFO	[Legacy File Load Tracking] TryFindFile data/loc/por_br-meta.xml. Result = true. find_encrypted = true is_modded = false, chunk = {2eebeffd-df03-52d3-d93f-87d4b2bdf519}, start = 0x00000000, end = 0x000001EF, offset = 0x00000000, size = 0x0000063E)
04:52:46.506395	INFO	[Legacy File Load Tracking] LoadFile: data/loc/por_br-meta.xml. chunk = {2eebeffd-df03-52d3-d93f-87d4b2bdf519}, start = 0x00000000, end = 0x000001EF, offset = 0x00000000, size = 0x0000063E
04:52:46.582675	INFO	[Legacy File Load Tracking] TryFindFile data/loc/por_br_upd.db. Result = false. find_encrypted = true is_modded = false, chunk = {03facbb0-0001-0000-3d7b-6a4001000000}, start = 0x0242C560, end = 0x103FACD18, offset = 0x00000020, size = 0x0242A060)
04:52:46.583060	INFO	[Legacy File Load Tracking] TryFindFile data/loc/por_br_upd-meta.xml. Result = false. find_encrypted = true is_modded = false, chunk = {03facbb0-0001-0000-3d7b-6a4001000000}, start = 0x0242C560, end = 0x103FACD18, offset = 0x00000020, size = 0x0242A060)
04:52:46.770894	INFO	[Legacy File Load Tracking] TryFindFile data/ShaderPipeline/Shaders.db. Result = true. find_encrypted = true is_modded = false, chunk = {5bdd1434-ccd0-3658-09f5-3411ff29ac6d}, start = 0x00000000, end = 0x03E738DC, offset = 0x00000000, size = 0x09739F41)
04:52:46.771548	INFO	[Legacy File Load Tracking] LoadFile: data/ShaderPipeline/Shaders.db. chunk = {5bdd1434-ccd0-3658-09f5-3411ff29ac6d}, start = 0x00000000, end = 0x03E738DC, offset = 0x00000000, size = 0x09739F41
04:52:46.916795	INFO	[Legacy File Load Tracking] TryFindFile data/ui/fonts/font_extents.txt. Result = true. find_encrypted = true is_modded = false, chunk = {8cf7dd69-3fed-1178-24b6-67d7a6350a6d}, start = 0x00000000, end = 0x00001053, offset = 0x00000000, size = 0x0001EE04)
04:52:46.917282	INFO	[Legacy File Load Tracking] LoadFile: data/ui/fonts/font_extents.txt. chunk = {8cf7dd69-3fed-1178-24b6-67d7a6350a6d}, start = 0x00000000, end = 0x00001053, offset = 0x00000000, size = 0x0001EE04
04:52:47.042274	INFO	[Legacy File Load Tracking] TryFindFile data/fifarna/lua/assets/prop_loader.lua. Result = true. find_encrypted = true is_modded = false, chunk = {3ec62401-2dd0-bd89-4ec2-1cdfd1b55e2d}, start = 0x01822AFE, end = 0x0184761C, offset = 0x027FD471, size = 0x00001AC9)
04:52:47.042972	INFO	[Legacy File Load Tracking] TryFindFile data/fifarna/lua/assets/player_kit.lua. Result = true. find_encrypted = true is_modded = false, chunk = {3ec62401-2dd0-bd89-4ec2-1cdfd1b55e2d}, start = 0x01737695, end = 0x0174BA12, offset = 0x025B95DC, size = 0x00041140)
04:52:47.043602	INFO	[Legacy File Load Tracking] TryFindFile data/fifarna/lua/assets/player_kit.lua. Result = true. find_encrypted = true is_modded = false, chunk = {3ec62401-2dd0-bd89-4ec2-1cdfd1b55e2d}, start = 0x01737695, end = 0x0174BA12, offset = 0x025B95DC, size = 0x00041140)
04:52:47.044177	INFO	[Legacy File Load Tracking] TryFindFile data/fifarna/lua/assets/player_kit.lua. Result = true. find_encrypted = true is_modded = false, chunk = {3ec62401-2dd0-bd89-4ec2-1cdfd1b55e2d}, start = 0x01737695, end = 0x0174BA12, offset = 0x025B95DC, size = 0x00041140)
04:52:47.044738	INFO	[Legacy File Load Tracking] TryFindFile data/fifarna/lua/assets/ball.lua. Result = true. find_encrypted = true is_modded = false, chunk = {dd9dcec7-aa96-0b83-6559-a26aa147fc6d}, start = 0x01933B6B, end = 0x01941272, offset = 0x027FF518, size = 0x00000A2A)
04:52:47.072926	INFO	[Legacy File Load Tracking] TryFindFile data/ShaderPipeline/Pipelines.db. Result = true. find_encrypted = true is_modded = false, chunk = {a53ec41d-798f-91d8-7524-14c994b161e1}, start = 0x00000000, end = 0x0006D92F, offset = 0x00000000, size = 0x0089740B)
04:52:47.073478	INFO	[Legacy File Load Tracking] LoadFile: data/ShaderPipeline/Pipelines.db. chunk = {a53ec41d-798f-91d8-7524-14c994b161e1}, start = 0x00000000, end = 0x0006D92F, offset = 0x00000000, size = 0x0089740B
04:52:49.637395	INFO	[Legacy File Load Tracking] TryFindFile data/fesettings/fetuning.bin. Result = true. find_encrypted = true is_modded = false, chunk = {ca538e88-ccf9-a92d-712f-a71ec2c3bb4d}, start = 0x00840618, end = 0x008500D0, offset = 0x03A79CEC, size = 0x00004A8E)
04:52:49.637866	INFO	[Legacy File Load Tracking] LoadFile: data/fesettings/fetuning.bin. chunk = {ca538e88-ccf9-a92d-712f-a71ec2c3bb4d}, start = 0x00840618, end = 0x008500D0, offset = 0x03A79CEC, size = 0x00004A8E
04:52:50.371142	INFO	[Legacy File Load Tracking] TryFindFile data/ui/lua/nav.lreq. Result = true. find_encrypted = true is_modded = false, chunk = {ca538e88-ccf9-a92d-712f-a71ec2c3bb4d}, start = 0x007F4E33, end = 0x007FC5F0, offset = 0x03858D4B, size = 0x0000003F)
04:52:50.371570	INFO	[Legacy File Load Tracking] LoadFile: data/ui/lua/nav.lreq. chunk = {ca538e88-ccf9-a92d-712f-a71ec2c3bb4d}, start = 0x007F4E33, end = 0x007FC5F0, offset = 0x03858D4B, size = 0x0000003F
04:52:50.371895	INFO	[Legacy File Load Tracking] TryFindFile data/ui/lua/nav.lua. Result = true. find_encrypted = true is_modded = false, chunk = {ca538e88-ccf9-a92d-712f-a71ec2c3bb4d}, start = 0x0080426B, end = 0x0081248E, offset = 0x03913629, size = 0x00001BF3)
04:52:50.372172	INFO	[Legacy File Load Tracking] LoadFile: data/ui/lua/nav.lua. chunk = {ca538e88-ccf9-a92d-712f-a71ec2c3bb4d}, start = 0x0080426B, end = 0x0081248E, offset = 0x03913629, size = 0x00001BF3
04:52:50.372954	INFO	[Legacy File Load Tracking] TryFindFile data/screenhelp/tutorialcfg.xml. Result = true. find_encrypted = true is_modded = false, chunk = {ca538e88-ccf9-a92d-712f-a71ec2c3bb4d}, start = 0x007D3120, end = 0x007E2334, offset = 0x03685655, size = 0x00003031)
04:52:50.373276	INFO	[Legacy File Load Tracking] LoadFile: data/screenhelp/tutorialcfg.xml. chunk = {ca538e88-ccf9-a92d-712f-a71ec2c3bb4d}, start = 0x007D3120, end = 0x007E2334, offset = 0x03685655, size = 0x00003031
04:52:50.373719	INFO	[Legacy File Load Tracking] TryFindFile data/screenhelp/training_hud_actions.xml. Result = true. find_encrypted = true is_modded = false, chunk = {ca538e88-ccf9-a92d-712f-a71ec2c3bb4d}, start = 0x007A5735, end = 0x007B0389, offset = 0x0359CA75, size = 0x00004F01)
04:52:50.374060	INFO	[Legacy File Load Tracking] LoadFile: data/screenhelp/training_hud_actions.xml. chunk = {ca538e88-ccf9-a92d-712f-a71ec2c3bb4d}, start = 0x007A5735, end = 0x007B0389, offset = 0x0359CA75, size = 0x00004F01
04:52:50.374793	INFO	[Legacy File Load Tracking] TryFindFile data/screenhelp/training_hud_actions_keyboard.xml. Result = true. find_encrypted = true is_modded = false, chunk = {ca538e88-ccf9-a92d-712f-a71ec2c3bb4d}, start = 0x00A9FF6E, end = 0x00AAD2E7, offset = 0x04C53144, size = 0x00004468)
04:52:50.375054	INFO	[Legacy File Load Tracking] LoadFile: data/screenhelp/training_hud_actions_keyboard.xml. chunk = {ca538e88-ccf9-a92d-712f-a71ec2c3bb4d}, start = 0x00A9FF6E, end = 0x00AAD2E7, offset = 0x04C53144, size = 0x00004468
04:52:50.375586	INFO	[Legacy File Load Tracking] TryFindFile data/screenhelp/training_hud_actions_keyboard_mouse.xml. Result = true. find_encrypted = true is_modded = false, chunk = {ca538e88-ccf9-a92d-712f-a71ec2c3bb4d}, start = 0x00F9A64B, end = 0x00FA9E63, offset = 0x0845A673, size = 0x00004080)
04:52:50.375828	INFO	[Legacy File Load Tracking] LoadFile: data/screenhelp/training_hud_actions_keyboard_mouse.xml. chunk = {ca538e88-ccf9-a92d-712f-a71ec2c3bb4d}, start = 0x00F9A64B, end = 0x00FA9E63, offset = 0x0845A673, size = 0x00004080
04:52:50.376324	INFO	[Legacy File Load Tracking] TryFindFile data/screenhelp/training_hud_data.xml. Result = true. find_encrypted = true is_modded = false, chunk = {ca538e88-ccf9-a92d-712f-a71ec2c3bb4d}, start = 0x00795116, end = 0x0079A465, offset = 0x034D9296, size = 0x000098E2)
04:52:50.376571	INFO	[Legacy File Load Tracking] LoadFile: data/screenhelp/training_hud_data.xml. chunk = {ca538e88-ccf9-a92d-712f-a71ec2c3bb4d}, start = 0x00795116, end = 0x0079A465, offset = 0x034D9296, size = 0x000098E2
04:52:50.377338	INFO	[Legacy File Load Tracking] TryFindFile data/screenhelp/training_hud_auto_difficulty_data.xml. Result = true. find_encrypted = true is_modded = false, chunk = {ca538e88-ccf9-a92d-712f-a71ec2c3bb4d}, start = 0x00D121C0, end = 0x00D21FAD, offset = 0x06DB2D39, size = 0x000026AB)
04:52:50.377582	INFO	[Legacy File Load Tracking] LoadFile: data/screenhelp/training_hud_auto_difficulty_data.xml. chunk = {ca538e88-ccf9-a92d-712f-a71ec2c3bb4d}, start = 0x00D121C0, end = 0x00D21FAD, offset = 0x06DB2D39, size = 0x000026AB
04:52:50.392330	INFO	[Legacy File Load Tracking] TryFindFile data/security/pr/secret.json. Result = true. find_encrypted = true is_modded = false, chunk = {3ec62401-2dd0-bd89-4ec2-1cdfd1b55e2d}, start = 0x0174BA12, end = 0x01751831, offset = 0x026095DA, size = 0x000002D2)
04:52:50.392677	INFO	[Legacy File Load Tracking] LoadFile: data/security/pr/secret.json. chunk = {3ec62401-2dd0-bd89-4ec2-1cdfd1b55e2d}, start = 0x0174BA12, end = 0x01751831, offset = 0x026095DA, size = 0x000002D2
04:52:50.392984	INFO	[Legacy File Load Tracking] TryFindFile data/security/pr/utasbundle.json. Result = true. find_encrypted = true is_modded = false, chunk = {e49b9e68-877d-a211-94db-607f30d31199}, start = 0x01B37707, end = 0x01B5AE0F, offset = 0x0259D06D, size = 0x00000B73)
04:52:50.393226	INFO	[Legacy File Load Tracking] LoadFile: data/security/pr/utasbundle.json. chunk = {e49b9e68-877d-a211-94db-607f30d31199}, start = 0x01B37707, end = 0x01B5AE0F, offset = 0x0259D06D, size = 0x00000B73
04:52:50.393501	INFO	[Legacy File Load Tracking] TryFindFile data/security/pr/blazebundle.bin. Result = true. find_encrypted = true is_modded = false, chunk = {e49b9e68-877d-a211-94db-607f30d31199}, start = 0x01C37370, end = 0x01C64E2A, offset = 0x027FDAD0, size = 0x00001564)
04:52:50.393744	INFO	[Legacy File Load Tracking] LoadFile: data/security/pr/blazebundle.bin. chunk = {e49b9e68-877d-a211-94db-607f30d31199}, start = 0x01C37370, end = 0x01C64E2A, offset = 0x027FDAD0, size = 0x00001564
04:52:50.405156	INFO	[Legacy File Load Tracking] TryFindFile data/ui/themes/FIFA.xml. Result = true. find_encrypted = true is_modded = false, chunk = {ca538e88-ccf9-a92d-712f-a71ec2c3bb4d}, start = 0x00D816C2, end = 0x00D8A348, offset = 0x0704384B, size = 0x0003329F)
04:52:50.405673	INFO	[Legacy File Load Tracking] LoadFile: data/ui/themes/FIFA.xml. chunk = {ca538e88-ccf9-a92d-712f-a71ec2c3bb4d}, start = 0x00D816C2, end = 0x00D8A348, offset = 0x0704384B, size = 0x0003329F
04:52:50.406160	INFO	[Legacy File Load Tracking] TryFindFile data/ui/lua/autonav.lreq. Result = true. find_encrypted = true is_modded = false, chunk = {ca538e88-ccf9-a92d-712f-a71ec2c3bb4d}, start = 0x012377D2, end = 0x0124342F, offset = 0x0A3DA643, size = 0x0000003E)
04:52:50.406519	INFO	[Legacy File Load Tracking] LoadFile: data/ui/lua/autonav.lreq. chunk = {ca538e88-ccf9-a92d-712f-a71ec2c3bb4d}, start = 0x012377D2, end = 0x0124342F, offset = 0x0A3DA643, size = 0x0000003E
04:52:50.406913	INFO	[Legacy File Load Tracking] TryFindFile data/ui/lua/autonav.lua. Result = true. find_encrypted = true is_modded = false, chunk = {ca538e88-ccf9-a92d-712f-a71ec2c3bb4d}, start = 0x00E98769, end = 0x00E9EA9B, offset = 0x07D1E201, size = 0x00001737)
04:52:50.407223	INFO	[Legacy File Load Tracking] LoadFile: data/ui/lua/autonav.lua. chunk = {ca538e88-ccf9-a92d-712f-a71ec2c3bb4d}, start = 0x00E98769, end = 0x00E9EA9B, offset = 0x07D1E201, size = 0x00001737
04:52:50.407534	INFO	[Legacy File Load Tracking] TryFindFile data/ui/lua/harel.lreq. Result = true. find_encrypted = true is_modded = false, chunk = {ca538e88-ccf9-a92d-712f-a71ec2c3bb4d}, start = 0x0081B16D, end = 0x0082B745, offset = 0x0399FF20, size = 0x00000025)
04:52:50.407795	INFO	[Legacy File Load Tracking] LoadFile: data/ui/lua/harel.lreq. chunk = {ca538e88-ccf9-a92d-712f-a71ec2c3bb4d}, start = 0x0081B16D, end = 0x0082B745, offset = 0x0399FF20, size = 0x00000025
04:52:50.408127	INFO	[Legacy File Load Tracking] TryFindFile data/ui/lua/harel.lua. Result = true. find_encrypted = true is_modded = false, chunk = {ca538e88-ccf9-a92d-712f-a71ec2c3bb4d}, start = 0x007BAC6F, end = 0x007D3120, offset = 0x0363E1D4, size = 0x0000BB73)
04:52:50.408476	INFO	[Legacy File Load Tracking] LoadFile: data/ui/lua/harel.lua. chunk = {ca538e88-ccf9-a92d-712f-a71ec2c3bb4d}, start = 0x007BAC6F, end = 0x007D3120, offset = 0x0363E1D4, size = 0x0000BB73
04:52:50.408850	INFO	[Legacy File Load Tracking] TryFindFile data/ui/lua/hareltableparser.lreq. Result = true. find_encrypted = true is_modded = false, chunk = {ca538e88-ccf9-a92d-712f-a71ec2c3bb4d}, start = 0x00F85F12, end = 0x00F903E1, offset = 0x083D69E9, size = 0x00000014)
04:52:50.409160	INFO	[Legacy File Load Tracking] LoadFile: data/ui/lua/hareltableparser.lreq. chunk = {ca538e88-ccf9-a92d-712f-a71ec2c3bb4d}, start = 0x00F85F12, end = 0x00F903E1, offset = 0x083D69E9, size = 0x00000014
04:52:50.409464	INFO	[Legacy File Load Tracking] TryFindFile data/ui/lua/hareltableparser.lua. Result = true. find_encrypted = true is_modded = false, chunk = {ca538e88-ccf9-a92d-712f-a71ec2c3bb4d}, start = 0x00F85F12, end = 0x00F903E1, offset = 0x083D0A71, size = 0x00005F78)
04:52:50.409752	INFO	[Legacy File Load Tracking] LoadFile: data/ui/lua/hareltableparser.lua. chunk = {ca538e88-ccf9-a92d-712f-a71ec2c3bb4d}, start = 0x00F85F12, end = 0x00F903E1, offset = 0x083D0A71, size = 0x00005F78
04:52:50.432396	INFO	[Legacy File Load Tracking] TryFindFile data/ui/lua/cps.lreq. Result = true. find_encrypted = true is_modded = false, chunk = {ca538e88-ccf9-a92d-712f-a71ec2c3bb4d}, start = 0x0079DBC6, end = 0x007A5735, offset = 0x035461CB, size = 0x00000004)
04:52:50.432826	INFO	[Legacy File Load Tracking] LoadFile: data/ui/lua/cps.lreq. chunk = {ca538e88-ccf9-a92d-712f-a71ec2c3bb4d}, start = 0x0079DBC6, end = 0x007A5735, offset = 0x035461CB, size = 0x00000004
04:52:50.433215	INFO	[Legacy File Load Tracking] TryFindFile data/ui/lua/cps.lua. Result = true. find_encrypted = true is_modded = false, chunk = {ca538e88-ccf9-a92d-712f-a71ec2c3bb4d}, start = 0x00E4B24E, end = 0x00E5A050, offset = 0x07B4840A, size = 0x0000164E)
04:52:50.433539	INFO	[Legacy File Load Tracking] LoadFile: data/ui/lua/cps.lua. chunk = {ca538e88-ccf9-a92d-712f-a71ec2c3bb4d}, start = 0x00E4B24E, end = 0x00E5A050, offset = 0x07B4840A, size = 0x0000164E
04:52:50.433890	INFO	[Legacy File Load Tracking] TryFindFile data/ui/lua/harelpathfinder.lreq. Result = true. find_encrypted = true is_modded = false, chunk = {ca538e88-ccf9-a92d-712f-a71ec2c3bb4d}, start = 0x00AC53D8, end = 0x00AD498D, offset = 0x04D768C5, size = 0x0000004E)
04:52:50.434203	INFO	[Legacy File Load Tracking] LoadFile: data/ui/lua/harelpathfinder.lreq. chunk = {ca538e88-ccf9-a92d-712f-a71ec2c3bb4d}, start = 0x00AC53D8, end = 0x00AD498D, offset = 0x04D768C5, size = 0x0000004E
04:52:50.434549	INFO	[Legacy File Load Tracking] TryFindFile data/ui/lua/harelpathfinder.lua. Result = true. find_encrypted = true is_modded = false, chunk = {ca538e88-ccf9-a92d-712f-a71ec2c3bb4d}, start = 0x007B0389, end = 0x007BAC6F, offset = 0x035F5494, size = 0x000028C6)
04:52:50.435130	INFO	[Legacy File Load Tracking] LoadFile: data/ui/lua/harelpathfinder.lua. chunk = {ca538e88-ccf9-a92d-712f-a71ec2c3bb4d}, start = 0x007B0389, end = 0x007BAC6F, offset = 0x035F5494, size = 0x000028C6
04:52:50.435702	INFO	[Legacy File Load Tracking] TryFindFile data/ui/lua/tableutil.lreq. Result = true. find_encrypted = true is_modded = false, chunk = {ca538e88-ccf9-a92d-712f-a71ec2c3bb4d}, start = 0x00E6F25F, end = 0x00E7C58E, offset = 0x07C011B0, size = 0x00000004)
04:52:50.436052	INFO	[Legacy File Load Tracking] LoadFile: data/ui/lua/tableutil.lreq. chunk = {ca538e88-ccf9-a92d-712f-a71ec2c3bb4d}, start = 0x00E6F25F, end = 0x00E7C58E, offset = 0x07C011B0, size = 0x00000004
04:52:50.436479	INFO	[Legacy File Load Tracking] TryFindFile data/ui/lua/tableutil.lua. Result = true. find_encrypted = true is_modded = false, chunk = {ca538e88-ccf9-a92d-712f-a71ec2c3bb4d}, start = 0x01316E83, end = 0x013202FF, offset = 0x0AE0F046, size = 0x00001972)
04:52:50.436919	INFO	[Legacy File Load Tracking] LoadFile: data/ui/lua/tableutil.lua. chunk = {ca538e88-ccf9-a92d-712f-a71ec2c3bb4d}, start = 0x01316E83, end = 0x013202FF, offset = 0x0AE0F046, size = 0x00001972
04:52:50.456926	INFO	[Legacy File Load Tracking] TryFindFile data/ui/main.big. Result = true. find_encrypted = true is_modded = false, chunk = {ca538e88-ccf9-a92d-712f-a71ec2c3bb4d}, start = 0x00FA9E63, end = 0x00FC1030, offset = 0x08490673, size = 0x0004E218)
04:52:50.457387	INFO	[Legacy File Load Tracking] LoadFile: data/ui/main.big. chunk = {ca538e88-ccf9-a92d-712f-a71ec2c3bb4d}, start = 0x00FA9E63, end = 0x00FC1030, offset = 0x08490673, size = 0x0004E218
04:52:50.458027	INFO	[Legacy File Load Tracking] TryFindFile data/ui/nav/root.nav. Result = true. find_encrypted = true is_modded = false, chunk = {ca538e88-ccf9-a92d-712f-a71ec2c3bb4d}, start = 0x0080426B, end = 0x0081248E, offset = 0x03915DF2, size = 0x000051B4)
04:52:50.458444	INFO	[Legacy File Load Tracking] LoadFile: data/ui/nav/root.nav. chunk = {ca538e88-ccf9-a92d-712f-a71ec2c3bb4d}, start = 0x0080426B, end = 0x0081248E, offset = 0x03915DF2, size = 0x000051B4
04:52:50.475861	INFO	[Legacy File Load Tracking] TryFindFile data/ui/nav/bootFlow.nav. Result = true. find_encrypted = true is_modded = false, chunk = {ca538e88-ccf9-a92d-712f-a71ec2c3bb4d}, start = 0x0058D644, end = 0x00595291, offset = 0x02C2A216, size = 0x00001971)
04:52:50.476280	INFO	[Legacy File Load Tracking] LoadFile: data/ui/nav/bootFlow.nav. chunk = {ca538e88-ccf9-a92d-712f-a71ec2c3bb4d}, start = 0x0058D644, end = 0x00595291, offset = 0x02C2A216, size = 0x00001971
04:52:50.476685	INFO	[Legacy File Load Tracking] TryFindFile data/ui/nav/branchControllerDisconnect.nav. Result = true. find_encrypted = true is_modded = false, chunk = {ca538e88-ccf9-a92d-712f-a71ec2c3bb4d}, start = 0x008500D0, end = 0x00860230, offset = 0x03ABBD2F, size = 0x00000AE0)
04:52:50.476959	INFO	[Legacy File Load Tracking] LoadFile: data/ui/nav/branchControllerDisconnect.nav. chunk = {ca538e88-ccf9-a92d-712f-a71ec2c3bb4d}, start = 0x008500D0, end = 0x00860230, offset = 0x03ABBD2F, size = 0x00000AE0
04:52:50.477272	INFO	[Legacy File Load Tracking] TryFindFile data/ui/nav/branchInviteGuard.nav. Result = true. find_encrypted = true is_modded = false, chunk = {ca538e88-ccf9-a92d-712f-a71ec2c3bb4d}, start = 0x00DCEDA0, end = 0x00DDD162, offset = 0x0724F28C, size = 0x000009E5)
04:52:50.477596	INFO	[Legacy File Load Tracking] LoadFile: data/ui/nav/branchInviteGuard.nav. chunk = {ca538e88-ccf9-a92d-712f-a71ec2c3bb4d}, start = 0x00DCEDA0, end = 0x00DDD162, offset = 0x0724F28C, size = 0x000009E5
04:52:50.477955	INFO	[Legacy File Load Tracking] TryFindFile data/ui/nav/branchSignOut.nav. Result = true. find_encrypted = true is_modded = false, chunk = {ca538e88-ccf9-a92d-712f-a71ec2c3bb4d}, start = 0x00D58F70, end = 0x00D5F5F1, offset = 0x06EDB2D6, size = 0x0000299C)
04:52:50.478231	INFO	[Legacy File Load Tracking] LoadFile: data/ui/nav/branchSignOut.nav. chunk = {ca538e88-ccf9-a92d-712f-a71ec2c3bb4d}, start = 0x00D58F70, end = 0x00D5F5F1, offset = 0x06EDB2D6, size = 0x0000299C
04:52:50.489631	INFO	[Legacy File Load Tracking] TryFindFile data/ui/cafe/UICafeLoader.big. Result = true. find_encrypted = true is_modded = false, chunk = {ca538e88-ccf9-a92d-712f-a71ec2c3bb4d}, start = 0x00D21FAD, end = 0x00D30A3A, offset = 0x06DC352E, size = 0x000111D0)
04:52:50.490085	INFO	[Legacy File Load Tracking] LoadFile: data/ui/cafe/UICafeLoader.big. chunk = {ca538e88-ccf9-a92d-712f-a71ec2c3bb4d}, start = 0x00D21FAD, end = 0x00D30A3A, offset = 0x06DC352E, size = 0x000111D0
04:52:50.490480	INFO	[Legacy File Load Tracking] TryFindFile data/ui/external/ion_sports07/fw/main.big. Result = true. find_encrypted = true is_modded = false, chunk = {ca538e88-ccf9-a92d-712f-a71ec2c3bb4d}, start = 0x01348B1D, end = 0x01355ECC, offset = 0x0B07724B, size = 0x00005938)
04:52:50.490788	INFO	[Legacy File Load Tracking] LoadFile: data/ui/external/ion_sports07/fw/main.big. chunk = {ca538e88-ccf9-a92d-712f-a71ec2c3bb4d}, start = 0x01348B1D, end = 0x01355ECC, offset = 0x0B07724B, size = 0x00005938
04:52:50.491137	INFO	[Legacy File Load Tracking] TryFindFile data/ui/external/cafe/cafeFW/cafeLoader.big. Result = true. find_encrypted = true is_modded = false, chunk = {ca538e88-ccf9-a92d-712f-a71ec2c3bb4d}, start = 0x01348B1D, end = 0x01355ECC, offset = 0x0B069503, size = 0x000041E0)
04:52:50.491447	INFO	[Legacy File Load Tracking] LoadFile: data/ui/external/cafe/cafeFW/cafeLoader.big. chunk = {ca538e88-ccf9-a92d-712f-a71ec2c3bb4d}, start = 0x01348B1D, end = 0x01355ECC, offset = 0x0B069503, size = 0x000041E0
04:52:50.491808	INFO	[Legacy File Load Tracking] TryFindFile data/ui/game/main/screenIds.big. Result = true. find_encrypted = true is_modded = false, chunk = {ca538e88-ccf9-a92d-712f-a71ec2c3bb4d}, start = 0x00F2ED05, end = 0x00F3A6BD, offset = 0x081EC769, size = 0x00004BB8)
04:52:50.492086	INFO	[Legacy File Load Tracking] LoadFile: data/ui/game/main/screenIds.big. chunk = {ca538e88-ccf9-a92d-712f-a71ec2c3bb4d}, start = 0x00F2ED05, end = 0x00F3A6BD, offset = 0x081EC769, size = 0x00004BB8
04:52:50.492420	INFO	[Legacy File Load Tracking] TryFindFile data/ui/game/main/helperFunctions.big. Result = true. find_encrypted = true is_modded = false, chunk = {ca538e88-ccf9-a92d-712f-a71ec2c3bb4d}, start = 0x00DDD162, end = 0x00DE7F47, offset = 0x0728484E, size = 0x0000C9E0)
04:52:50.492712	INFO	[Legacy File Load Tracking] LoadFile: data/ui/game/main/helperFunctions.big. chunk = {ca538e88-ccf9-a92d-712f-a71ec2c3bb4d}, start = 0x00DDD162, end = 0x00DE7F47, offset = 0x0728484E, size = 0x0000C9E0
04:52:50.493050	INFO	[Legacy File Load Tracking] TryFindFile data/ui/game/main/gameEventHandlers.big. Result = true. find_encrypted = true is_modded = false, chunk = {ca538e88-ccf9-a92d-712f-a71ec2c3bb4d}, start = 0x00AAD2E7, end = 0x00ABB26F, offset = 0x04CA56DA, size = 0x000122C4)
04:52:50.493385	INFO	[Legacy File Load Tracking] LoadFile: data/ui/game/main/gameEventHandlers.big. chunk = {ca538e88-ccf9-a92d-712f-a71ec2c3bb4d}, start = 0x00AAD2E7, end = 0x00ABB26F, offset = 0x04CA56DA, size = 0x000122C4
04:52:50.493714	INFO	[Legacy File Load Tracking] TryFindFile data/ui/game/main/saveloadFunctions.big. Result = true. find_encrypted = true is_modded = false, chunk = {ca538e88-ccf9-a92d-712f-a71ec2c3bb4d}, start = 0x00D4B563, end = 0x00D5F5F1, offset = 0x06EB9BEC, size = 0x000070B8)
04:52:50.493986	INFO	[Legacy File Load Tracking] LoadFile: data/ui/game/main/saveloadFunctions.big. chunk = {ca538e88-ccf9-a92d-712f-a71ec2c3bb4d}, start = 0x00D4B563, end = 0x00D5F5F1, offset = 0x06EB9BEC, size = 0x000070B8
04:52:50.507814	INFO	[Legacy File Load Tracking] TryFindFile data/ui/themes/BOOTFLOW.xml. Result = true. find_encrypted = true is_modded = false, chunk = {ca538e88-ccf9-a92d-712f-a71ec2c3bb4d}, start = 0x00E6F25F, end = 0x00E7C58E, offset = 0x07C02F9D, size = 0x00000155)
04:52:50.508184	INFO	[Legacy File Load Tracking] LoadFile: data/ui/themes/BOOTFLOW.xml. chunk = {ca538e88-ccf9-a92d-712f-a71ec2c3bb4d}, start = 0x00E6F25F, end = 0x00E7C58E, offset = 0x07C02F9D, size = 0x00000155
04:52:50.523287	INFO	[Legacy File Load Tracking] TryFindFile data/ui/game/screens/empty.big. Result = true. find_encrypted = true is_modded = false, chunk = {ca538e88-ccf9-a92d-712f-a71ec2c3bb4d}, start = 0x0106713E, end = 0x01071CFB, offset = 0x08C95167, size = 0x00000640)
04:52:50.523654	INFO	[Legacy File Load Tracking] LoadFile: data/ui/game/screens/empty.big. chunk = {ca538e88-ccf9-a92d-712f-a71ec2c3bb4d}, start = 0x0106713E, end = 0x01071CFB, offset = 0x08C95167, size = 0x00000640
04:52:50.523985	INFO	[Legacy File Load Tracking] TryFindFile data/ui/game/components/FluxCore/FluxContainer.big. Result = true. find_encrypted = true is_modded = false, chunk = {3ec62401-2dd0-bd89-4ec2-1cdfd1b55e2d}, start = 0x01737695, end = 0x01742864, offset = 0x025B857C, size = 0x00001060)
04:52:50.524312	INFO	[Legacy File Load Tracking] LoadFile: data/ui/game/components/FluxCore/FluxContainer.big. chunk = {3ec62401-2dd0-bd89-4ec2-1cdfd1b55e2d}, start = 0x01737695, end = 0x01742864, offset = 0x025B857C, size = 0x00001060
04:52:50.524644	INFO	[Legacy File Load Tracking] TryFindFile data/ui/external/ion_online/main/zoneOnlineMain.big. Result = true. find_encrypted = true is_modded = false, chunk = {ca538e88-ccf9-a92d-712f-a71ec2c3bb4d}, start = 0x0121CF7D, end = 0x0124342F, offset = 0x0A37EE23, size = 0x0005B820)
04:52:50.525070	INFO	[Legacy File Load Tracking] LoadFile: data/ui/external/ion_online/main/zoneOnlineMain.big. chunk = {ca538e88-ccf9-a92d-712f-a71ec2c3bb4d}, start = 0x0121CF7D, end = 0x0124342F, offset = 0x0A37EE23, size = 0x0005B820
04:52:50.525529	INFO	[Legacy File Load Tracking] TryFindFile data/ui/game/globalClasses/classLoader.big. Result = true. find_encrypted = true is_modded = false, chunk = {ca538e88-ccf9-a92d-712f-a71ec2c3bb4d}, start = 0x00EEF150, end = 0x00F1D553, offset = 0x07FBD892, size = 0x000FABB0)
04:52:50.525907	INFO	[Legacy File Load Tracking] LoadFile: data/ui/game/globalClasses/classLoader.big. chunk = {ca538e88-ccf9-a92d-712f-a71ec2c3bb4d}, start = 0x00EEF150, end = 0x00F1D553, offset = 0x07FBD892, size = 0x000FABB0
04:52:50.526700	INFO	[Legacy File Load Tracking] TryFindFile data/ui/com/GreenSockLoader.big. Result = true. find_encrypted = true is_modded = false, chunk = {ca538e88-ccf9-a92d-712f-a71ec2c3bb4d}, start = 0x00E019E5, end = 0x00E1D894, offset = 0x0757FBE2, size = 0x00045D98)
04:52:50.527130	INFO	[Legacy File Load Tracking] LoadFile: data/ui/com/GreenSockLoader.big. chunk = {ca538e88-ccf9-a92d-712f-a71ec2c3bb4d}, start = 0x00E019E5, end = 0x00E1D894, offset = 0x0757FBE2, size = 0x00045D98
04:52:50.545674	INFO	[Legacy File Load Tracking] TryFindFile data/ui/game/uif/DataProviderLoader.big. Result = true. find_encrypted = true is_modded = false, chunk = {ca538e88-ccf9-a92d-712f-a71ec2c3bb4d}, start = 0x00F10994, end = 0x00F2ED05, offset = 0x080B8442, size = 0x000EE250)
04:52:50.546092	INFO	[Legacy File Load Tracking] LoadFile: data/ui/game/uif/DataProviderLoader.big. chunk = {ca538e88-ccf9-a92d-712f-a71ec2c3bb4d}, start = 0x00F10994, end = 0x00F2ED05, offset = 0x080B8442, size = 0x000EE250
04:52:50.546950	INFO	[Legacy File Load Tracking] TryFindFile data/ui/game/components/FluxTiles/FluxTile_Nested.big. Result = true. find_encrypted = true is_modded = false, chunk = {e49b9e68-877d-a211-94db-607f30d31199}, start = 0x00B4B4BC, end = 0x00B767C3, offset = 0x011C9085, size = 0x00009B10)
04:52:50.547378	INFO	[Legacy File Load Tracking] LoadFile: data/ui/game/components/FluxTiles/FluxTile_Nested.big. chunk = {e49b9e68-877d-a211-94db-607f30d31199}, start = 0x00B4B4BC, end = 0x00B767C3, offset = 0x011C9085, size = 0x00009B10
04:52:50.547739	INFO	[Legacy File Load Tracking] TryFindFile data/ui/game/components/FluxCore/FluxTile_List.big. Result = true. find_encrypted = true is_modded = false, chunk = {3ec62401-2dd0-bd89-4ec2-1cdfd1b55e2d}, start = 0x01737695, end = 0x01742864, offset = 0x025A5084, size = 0x00010C70)
04:52:50.548043	INFO	[Legacy File Load Tracking] LoadFile: data/ui/game/components/FluxCore/FluxTile_List.big. chunk = {3ec62401-2dd0-bd89-4ec2-1cdfd1b55e2d}, start = 0x01737695, end = 0x01742864, offset = 0x025A5084, size = 0x00010C70
04:52:50.548361	INFO	[Legacy File Load Tracking] TryFindFile data/ui/game/components/FluxCore/FluxTile.big. Result = true. find_encrypted = true is_modded = false, chunk = {ab0ea962-5427-4b7f-838a-2ca6d83a07a9}, start = 0x01FFEA5D, end = 0x020044AE, offset = 0x027D7942, size = 0x0000D0E8)
04:52:50.548640	INFO	[Legacy File Load Tracking] LoadFile: data/ui/game/components/FluxCore/FluxTile.big. chunk = {ab0ea962-5427-4b7f-838a-2ca6d83a07a9}, start = 0x01FFEA5D, end = 0x020044AE, offset = 0x027D7942, size = 0x0000D0E8
04:52:50.548994	INFO	[Legacy File Load Tracking] TryFindFile data/ui/game/components/FluxCore/FluxTile_Expandable.big. Result = true. find_encrypted = true is_modded = false, chunk = {1be9e79c-51dc-9379-fd42-17d6db947acd}, start = 0x011DB66E, end = 0x011E17AD, offset = 0x027E7F36, size = 0x00004B48)
04:52:50.549331	INFO	[Legacy File Load Tracking] LoadFile: data/ui/game/components/FluxCore/FluxTile_Expandable.big. chunk = {1be9e79c-51dc-9379-fd42-17d6db947acd}, start = 0x011DB66E, end = 0x011E17AD, offset = 0x027E7F36, size = 0x00004B48
04:52:50.562030	INFO	[Legacy File Load Tracking] TryFindFile data/ui/external/ion_sports07/fw/zoneMain.big. Result = true. find_encrypted = true is_modded = false, chunk = {ca538e88-ccf9-a92d-712f-a71ec2c3bb4d}, start = 0x00000000, end = 0x0000A158, offset = 0x00003E5E, size = 0x00000800)
04:52:50.562432	INFO	[Legacy File Load Tracking] LoadFile: data/ui/external/ion_sports07/fw/zoneMain.big. chunk = {ca538e88-ccf9-a92d-712f-a71ec2c3bb4d}, start = 0x00000000, end = 0x0000A158, offset = 0x00003E5E, size = 0x00000800
04:52:50.562811	INFO	[Legacy File Load Tracking] TryFindFile data/ui/online/fw/PodManager.big. Result = true. find_encrypted = true is_modded = false, chunk = {ca538e88-ccf9-a92d-712f-a71ec2c3bb4d}, start = 0x00AAD2E7, end = 0x00ABB26F, offset = 0x04C84628, size = 0x00000B40)
04:52:50.563117	INFO	[Legacy File Load Tracking] LoadFile: data/ui/online/fw/PodManager.big. chunk = {ca538e88-ccf9-a92d-712f-a71ec2c3bb4d}, start = 0x00AAD2E7, end = 0x00ABB26F, offset = 0x04C84628, size = 0x00000B40
04:52:50.563464	INFO	[Legacy File Load Tracking] TryFindFile data/ui/game/globalComponents/globalComponents.big. Result = true. find_encrypted = true is_modded = false, chunk = {ca538e88-ccf9-a92d-712f-a71ec2c3bb4d}, start = 0x012ACAAE, end = 0x01316E83, offset = 0x0A884EC9, size = 0x00579CE0)
04:52:50.563761	INFO	[Legacy File Load Tracking] LoadFile: data/ui/game/globalComponents/globalComponents.big. chunk = {ca538e88-ccf9-a92d-712f-a71ec2c3bb4d}, start = 0x012ACAAE, end = 0x01316E83, offset = 0x0A884EC9, size = 0x00579CE0
04:52:50.564649	INFO	[Legacy File Load Tracking] LoadFile: data/ui/game/globalComponents/globalComponents.big. chunk = {ca538e88-ccf9-a92d-712f-a71ec2c3bb4d}, start = 0x012ACAAE, end = 0x01316E83, offset = 0x0A884EC9, size = 0x00579CE0
04:52:50.580233	INFO	[Legacy File Load Tracking] TryFindFile data/ui/fonts/EABold.ttf. Result = true. find_encrypted = true is_modded = false, chunk = {c3d7e02a-88e0-e388-2af0-d57a400be8cd}, start = 0x00000000, end = 0x003DCD7F, offset = 0x00000000, size = 0x007285C9)
04:52:50.580702	INFO	[Legacy File Load Tracking] LoadFile: data/ui/fonts/EABold.ttf. chunk = {c3d7e02a-88e0-e388-2af0-d57a400be8cd}, start = 0x00000000, end = 0x003DCD7F, offset = 0x00000000, size = 0x007285C9
04:52:50.589900	INFO	[Legacy File Load Tracking] TryFindFile data/ui/fonts/EACondBlackItalic.ttf. Result = true. find_encrypted = true is_modded = false, chunk = {0105aeb2-d8a5-9dba-0806-fc3b0802ee91}, start = 0x00000000, end = 0x003E10DE, offset = 0x00000000, size = 0x0077371C)
04:52:50.590408	INFO	[Legacy File Load Tracking] LoadFile: data/ui/fonts/EACondBlackItalic.ttf. chunk = {0105aeb2-d8a5-9dba-0806-fc3b0802ee91}, start = 0x00000000, end = 0x003E10DE, offset = 0x00000000, size = 0x0077371C
04:52:50.598096	INFO	[Legacy File Load Tracking] TryFindFile data/ui/fonts/EAExpandedHeavy.ttf. Result = true. find_encrypted = true is_modded = false, chunk = {f407110e-6d30-9502-d9fb-de1638cd9b3d}, start = 0x00000000, end = 0x003DA82D, offset = 0x00000000, size = 0x00729C98)
04:52:50.598478	INFO	[Legacy File Load Tracking] LoadFile: data/ui/fonts/EAExpandedHeavy.ttf. chunk = {f407110e-6d30-9502-d9fb-de1638cd9b3d}, start = 0x00000000, end = 0x003DA82D, offset = 0x00000000, size = 0x00729C98
04:52:50.607549	INFO	[Legacy File Load Tracking] TryFindFile data/ui/fonts/EAExpandedLight.ttf. Result = true. find_encrypted = true is_modded = false, chunk = {93195ba7-f19d-81b9-0559-8947b60dfe7d}, start = 0x00000000, end = 0x003F0B27, offset = 0x00000000, size = 0x00746972)
04:52:50.608127	INFO	[Legacy File Load Tracking] LoadFile: data/ui/fonts/EAExpandedLight.ttf. chunk = {93195ba7-f19d-81b9-0559-8947b60dfe7d}, start = 0x00000000, end = 0x003F0B27, offset = 0x00000000, size = 0x00746972
04:52:50.615582	INFO	[Legacy File Load Tracking] TryFindFile data/ui/fonts/EAMedium.ttf. Result = true. find_encrypted = true is_modded = false, chunk = {178f472a-0aa3-8235-87ac-6f6278a0de05}, start = 0x00000000, end = 0x003864E5, offset = 0x00000000, size = 0x006BE67B)
04:52:50.616071	INFO	[Legacy File Load Tracking] LoadFile: data/ui/fonts/EAMedium.ttf. chunk = {178f472a-0aa3-8235-87ac-6f6278a0de05}, start = 0x00000000, end = 0x003864E5, offset = 0x00000000, size = 0x006BE67B
04:52:50.639932	INFO	[Legacy File Load Tracking] LoadFile: data/ui/game/globalComponents/globalComponents.big. chunk = {ca538e88-ccf9-a92d-712f-a71ec2c3bb4d}, start = 0x012ACAAE, end = 0x01316E83, offset = 0x0A884EC9, size = 0x00579CE0
04:52:50.640996	INFO	[Legacy File Load Tracking] LoadFile: data/ui/game/globalComponents/globalComponents.big. chunk = {ca538e88-ccf9-a92d-712f-a71ec2c3bb4d}, start = 0x012ACAAE, end = 0x01316E83, offset = 0x0A884EC9, size = 0x00579CE0
04:52:50.641558	INFO	[Legacy File Load Tracking] TryFindFile data/ui/game/components/FluxComponents/FluxTitle.big. Result = true. find_encrypted = true is_modded = false, chunk = {e49b9e68-877d-a211-94db-607f30d31199}, start = 0x01B37707, end = 0x01B5AE0F, offset = 0x0259DE18, size = 0x00002240)
04:52:50.641888	INFO	[Legacy File Load Tracking] LoadFile: data/ui/game/components/FluxComponents/FluxTitle.big. chunk = {e49b9e68-877d-a211-94db-607f30d31199}, start = 0x01B37707, end = 0x01B5AE0F, offset = 0x0259DE18, size = 0x00002240
04:52:50.642271	INFO	[Legacy File Load Tracking] TryFindFile data/ui/game/components/Shards.big. Result = true. find_encrypted = true is_modded = false, chunk = {3ec62401-2dd0-bd89-4ec2-1cdfd1b55e2d}, start = 0x016DB189, end = 0x01742864, offset = 0x02379F04, size = 0x0022B180)
04:52:50.642636	INFO	[Legacy File Load Tracking] LoadFile: data/ui/game/components/Shards.big. chunk = {3ec62401-2dd0-bd89-4ec2-1cdfd1b55e2d}, start = 0x016DB189, end = 0x01742864, offset = 0x02379F04, size = 0x0022B180
04:52:50.643218	INFO	[Legacy File Load Tracking] LoadFile: data/ui/game/components/Shards.big. chunk = {3ec62401-2dd0-bd89-4ec2-1cdfd1b55e2d}, start = 0x016DB189, end = 0x01742864, offset = 0x02379F04, size = 0x0022B180
04:52:50.653536	INFO	[Legacy File Load Tracking] LoadFile: data/ui/game/components/Shards.big. chunk = {3ec62401-2dd0-bd89-4ec2-1cdfd1b55e2d}, start = 0x016DB189, end = 0x01742864, offset = 0x02379F04, size = 0x0022B180
04:52:50.654413	INFO	[Legacy File Load Tracking] TryFindFile data/ui/game/components/VerticalList.big. Result = true. find_encrypted = true is_modded = false, chunk = {3ec62401-2dd0-bd89-4ec2-1cdfd1b55e2d}, start = 0x01742864, end = 0x01751831, offset = 0x025FD15A, size = 0x0000C480)
04:52:50.654905	INFO	[Legacy File Load Tracking] LoadFile: data/ui/game/components/VerticalList.big. chunk = {3ec62401-2dd0-bd89-4ec2-1cdfd1b55e2d}, start = 0x01742864, end = 0x01751831, offset = 0x025FD15A, size = 0x0000C480
04:52:50.655417	INFO	[Legacy File Load Tracking] TryFindFile data/ui/game/components/BulletList.big. Result = true. find_encrypted = true is_modded = false, chunk = {e49b9e68-877d-a211-94db-607f30d31199}, start = 0x004CA48F, end = 0x004D45DE, offset = 0x007D9B8A, size = 0x00006F38)
04:52:50.655911	INFO	[Legacy File Load Tracking] LoadFile: data/ui/game/components/BulletList.big. chunk = {e49b9e68-877d-a211-94db-607f30d31199}, start = 0x004CA48F, end = 0x004D45DE, offset = 0x007D9B8A, size = 0x00006F38
04:52:50.656387	INFO	[Legacy File Load Tracking] TryFindFile data/ui/game/components/HelpDisplay.big. Result = true. find_encrypted = true is_modded = false, chunk = {e49b9e68-877d-a211-94db-607f30d31199}, start = 0x01B37707, end = 0x01B5AE0F, offset = 0x025A0058, size = 0x00001EC0)
04:52:50.656765	INFO	[Legacy File Load Tracking] LoadFile: data/ui/game/components/HelpDisplay.big. chunk = {e49b9e68-877d-a211-94db-607f30d31199}, start = 0x01B37707, end = 0x01B5AE0F, offset = 0x025A0058, size = 0x00001EC0
04:52:50.657314	INFO	[Legacy File Load Tracking] TryFindFile data/ui/game/fw/GlobalFramework.big. Result = true. find_encrypted = true is_modded = false, chunk = {ca538e88-ccf9-a92d-712f-a71ec2c3bb4d}, start = 0x00F71D91, end = 0x00F85F12, offset = 0x0834FF5F, size = 0x000395B0)
04:52:50.657699	INFO	[Legacy File Load Tracking] LoadFile: data/ui/game/fw/GlobalFramework.big. chunk = {ca538e88-ccf9-a92d-712f-a71ec2c3bb4d}, start = 0x00F71D91, end = 0x00F85F12, offset = 0x0834FF5F, size = 0x000395B0
04:52:50.658293	INFO	[Legacy File Load Tracking] TryFindFile data/ui/game/components/Popup.big. Result = true. find_encrypted = true is_modded = false, chunk = {dd9dcec7-aa96-0b83-6559-a26aa147fc6d}, start = 0x016A5D3E, end = 0x016E9D60, offset = 0x024BD8F9, size = 0x0001F870)
04:52:50.658718	INFO	[Legacy File Load Tracking] LoadFile: data/ui/game/components/Popup.big. chunk = {dd9dcec7-aa96-0b83-6559-a26aa147fc6d}, start = 0x016A5D3E, end = 0x016E9D60, offset = 0x024BD8F9, size = 0x0001F870
04:52:50.659101	INFO	[Legacy File Load Tracking] TryFindFile data/ui/game/components/CinematicDisplay.big. Result = true. find_encrypted = true is_modded = false, chunk = {e49b9e68-877d-a211-94db-607f30d31199}, start = 0x01BEB9B5, end = 0x01C0190A, offset = 0x0275F426, size = 0x00000380)
04:52:50.659413	INFO	[Legacy File Load Tracking] LoadFile: data/ui/game/components/CinematicDisplay.big. chunk = {e49b9e68-877d-a211-94db-607f30d31199}, start = 0x01BEB9B5, end = 0x01C0190A, offset = 0x0275F426, size = 0x00000380
04:52:50.660046	INFO	[Legacy File Load Tracking] TryFindFile data/ui/external/ion_fut/items/FUTItemLoader.big. Result = true. find_encrypted = true is_modded = false, chunk = {ca538e88-ccf9-a92d-712f-a71ec2c3bb4d}, start = 0x00A8E467, end = 0x00AAD2E7, offset = 0x04BE3814, size = 0x0006F930)
04:52:50.660408	INFO	[Legacy File Load Tracking] LoadFile: data/ui/external/ion_fut/items/FUTItemLoader.big. chunk = {ca538e88-ccf9-a92d-712f-a71ec2c3bb4d}, start = 0x00A8E467, end = 0x00AAD2E7, offset = 0x04BE3814, size = 0x0006F930
04:52:50.660899	INFO	[Legacy File Load Tracking] TryFindFile data/ui/game/components/Dimmer.big. Result = true. find_encrypted = true is_modded = false, chunk = {e49b9e68-877d-a211-94db-607f30d31199}, start = 0x00D66117, end = 0x00D9B9ED, offset = 0x0147561F, size = 0x00000300)
04:52:50.661301	INFO	[Legacy File Load Tracking] LoadFile: data/ui/game/components/Dimmer.big. chunk = {e49b9e68-877d-a211-94db-607f30d31199}, start = 0x00D66117, end = 0x00D9B9ED, offset = 0x0147561F, size = 0x00000300
04:52:50.661708	INFO	[Legacy File Load Tracking] TryFindFile data/ui/game/globalComponents/overlayComponents_9/overlayComponents_9.big. Result = true. find_encrypted = true is_modded = false, chunk = {ca538e88-ccf9-a92d-712f-a71ec2c3bb4d}, start = 0x00E6F25F, end = 0x00E98769, offset = 0x07C284A9, size = 0x000D6340)
04:52:50.662031	INFO	[Legacy File Load Tracking] LoadFile: data/ui/game/globalComponents/overlayComponents_9/overlayComponents_9.big. chunk = {ca538e88-ccf9-a92d-712f-a71ec2c3bb4d}, start = 0x00E6F25F, end = 0x00E98769, offset = 0x07C284A9, size = 0x000D6340
04:52:50.662509	INFO	[Legacy File Load Tracking] TryFindFile data/ui/game/globalComponents/o09EAFC/o09EAFC.big. Result = true. find_encrypted = true is_modded = false, chunk = {ca538e88-ccf9-a92d-712f-a71ec2c3bb4d}, start = 0x01355ECC, end = 0x0137B054, offset = 0x0B0B28B8, size = 0x0047D188)
04:52:50.662978	INFO	[Legacy File Load Tracking] LoadFile: data/ui/game/globalComponents/o09EAFC/o09EAFC.big. chunk = {ca538e88-ccf9-a92d-712f-a71ec2c3bb4d}, start = 0x01355ECC, end = 0x0137B054, offset = 0x0B0B28B8, size = 0x0047D188
04:52:50.663527	INFO	[Legacy File Load Tracking] LoadFile: data/ui/game/globalComponents/o09EAFC/o09EAFC.big. chunk = {ca538e88-ccf9-a92d-712f-a71ec2c3bb4d}, start = 0x01355ECC, end = 0x0137B054, offset = 0x0B0B28B8, size = 0x0047D188
04:52:50.664168	INFO	[Legacy File Load Tracking] LoadFile: data/ui/game/globalComponents/o09EAFC/o09EAFC.big. chunk = {ca538e88-ccf9-a92d-712f-a71ec2c3bb4d}, start = 0x01355ECC, end = 0x0137B054, offset = 0x0B0B28B8, size = 0x0047D188
04:52:50.664580	INFO	[Legacy File Load Tracking] LoadFile: data/ui/game/globalComponents/o09EAFC/o09EAFC.big. chunk = {ca538e88-ccf9-a92d-712f-a71ec2c3bb4d}, start = 0x01355ECC, end = 0x0137B054, offset = 0x0B0B28B8, size = 0x0047D188
04:52:50.664963	INFO	[Legacy File Load Tracking] LoadFile: data/ui/game/globalComponents/o09EAFC/o09EAFC.big. chunk = {ca538e88-ccf9-a92d-712f-a71ec2c3bb4d}, start = 0x01355ECC, end = 0x0137B054, offset = 0x0B0B28B8, size = 0x0047D188
04:52:50.665584	INFO	[Legacy File Load Tracking] LoadFile: data/ui/game/globalComponents/o09EAFC/o09EAFC.big. chunk = {ca538e88-ccf9-a92d-712f-a71ec2c3bb4d}, start = 0x01355ECC, end = 0x0137B054, offset = 0x0B0B28B8, size = 0x0047D188
04:52:50.704701	INFO	[Legacy File Load Tracking] LoadFile: data/ui/game/globalComponents/o09EAFC/o09EAFC.big. chunk = {ca538e88-ccf9-a92d-712f-a71ec2c3bb4d}, start = 0x01355ECC, end = 0x0137B054, offset = 0x0B0B28B8, size = 0x0047D188
04:52:50.705189	INFO	[Legacy File Load Tracking] LoadFile: data/ui/game/globalComponents/o09EAFC/o09EAFC.big. chunk = {ca538e88-ccf9-a92d-712f-a71ec2c3bb4d}, start = 0x01355ECC, end = 0x0137B054, offset = 0x0B0B28B8, size = 0x0047D188
04:52:50.705624	INFO	[Legacy File Load Tracking] LoadFile: data/ui/game/globalComponents/o09EAFC/o09EAFC.big. chunk = {ca538e88-ccf9-a92d-712f-a71ec2c3bb4d}, start = 0x01355ECC, end = 0x0137B054, offset = 0x0B0B28B8, size = 0x0047D188
04:52:50.706021	INFO	[Legacy File Load Tracking] LoadFile: data/ui/game/globalComponents/o09EAFC/o09EAFC.big. chunk = {ca538e88-ccf9-a92d-712f-a71ec2c3bb4d}, start = 0x01355ECC, end = 0x0137B054, offset = 0x0B0B28B8, size = 0x0047D188
04:52:50.706415	INFO	[Legacy File Load Tracking] LoadFile: data/ui/game/globalComponents/o09EAFC/o09EAFC.big. chunk = {ca538e88-ccf9-a92d-712f-a71ec2c3bb4d}, start = 0x01355ECC, end = 0x0137B054, offset = 0x0B0B28B8, size = 0x0047D188
04:52:50.720318	INFO	[Legacy File Load Tracking] LoadFile: data/ui/game/globalComponents/o09EAFC/o09EAFC.big. chunk = {ca538e88-ccf9-a92d-712f-a71ec2c3bb4d}, start = 0x01355ECC, end = 0x0137B054, offset = 0x0B0B28B8, size = 0x0047D188
04:52:50.722209	INFO	[Legacy File Load Tracking] TryFindFile data/ui/game/globalComponents/overlayComponents_EA/overlayComponents_EA.big. Result = true. find_encrypted = true is_modded = false, chunk = {ca538e88-ccf9-a92d-712f-a71ec2c3bb4d}, start = 0x00FD9B2A, end = 0x0105CD8B, offset = 0x087E874D, size = 0x00444524)
04:52:50.722899	INFO	[Legacy File Load Tracking] LoadFile: data/ui/game/globalComponents/overlayComponents_EA/overlayComponents_EA.big. chunk = {ca538e88-ccf9-a92d-712f-a71ec2c3bb4d}, start = 0x00FD9B2A, end = 0x0105CD8B, offset = 0x087E874D, size = 0x00444524
04:52:50.723450	INFO	[Legacy File Load Tracking] LoadFile: data/ui/game/globalComponents/overlayComponents_EA/overlayComponents_EA.big. chunk = {ca538e88-ccf9-a92d-712f-a71ec2c3bb4d}, start = 0x00FD9B2A, end = 0x0105CD8B, offset = 0x087E874D, size = 0x00444524
04:52:50.723951	INFO	[Legacy File Load Tracking] LoadFile: data/ui/game/globalComponents/overlayComponents_EA/overlayComponents_EA.big. chunk = {ca538e88-ccf9-a92d-712f-a71ec2c3bb4d}, start = 0x00FD9B2A, end = 0x0105CD8B, offset = 0x087E874D, size = 0x00444524
04:52:50.729778	INFO	[Legacy File Load Tracking] LoadFile: data/ui/game/globalComponents/overlayComponents_EA/overlayComponents_EA.big. chunk = {ca538e88-ccf9-a92d-712f-a71ec2c3bb4d}, start = 0x00FD9B2A, end = 0x0105CD8B, offset = 0x087E874D, size = 0x00444524
04:52:50.730388	INFO	[Legacy File Load Tracking] LoadFile: data/ui/game/globalComponents/overlayComponents_EA/overlayComponents_EA.big. chunk = {ca538e88-ccf9-a92d-712f-a71ec2c3bb4d}, start = 0x00FD9B2A, end = 0x0105CD8B, offset = 0x087E874D, size = 0x00444524
04:52:50.730885	INFO	[Legacy File Load Tracking] LoadFile: data/ui/game/globalComponents/overlayComponents_EA/overlayComponents_EA.big. chunk = {ca538e88-ccf9-a92d-712f-a71ec2c3bb4d}, start = 0x00FD9B2A, end = 0x0105CD8B, offset = 0x087E874D, size = 0x00444524
04:52:50.731276	INFO	[Legacy File Load Tracking] LoadFile: data/ui/game/globalComponents/overlayComponents_EA/overlayComponents_EA.big. chunk = {ca538e88-ccf9-a92d-712f-a71ec2c3bb4d}, start = 0x00FD9B2A, end = 0x0105CD8B, offset = 0x087E874D, size = 0x00444524
04:52:50.736406	INFO	[Legacy File Load Tracking] LoadFile: data/ui/game/globalComponents/overlayComponents_EA/overlayComponents_EA.big. chunk = {ca538e88-ccf9-a92d-712f-a71ec2c3bb4d}, start = 0x00FD9B2A, end = 0x0105CD8B, offset = 0x087E874D, size = 0x00444524
04:52:50.737730	INFO	[Legacy File Load Tracking] LoadFile: data/ui/game/globalComponents/overlayComponents_EA/overlayComponents_EA.big. chunk = {ca538e88-ccf9-a92d-712f-a71ec2c3bb4d}, start = 0x00FD9B2A, end = 0x0105CD8B, offset = 0x087E874D, size = 0x00444524
04:52:50.738279	INFO	[Legacy File Load Tracking] LoadFile: data/ui/game/globalComponents/overlayComponents_EA/overlayComponents_EA.big. chunk = {ca538e88-ccf9-a92d-712f-a71ec2c3bb4d}, start = 0x00FD9B2A, end = 0x0105CD8B, offset = 0x087E874D, size = 0x00444524
04:52:50.738813	INFO	[Legacy File Load Tracking] LoadFile: data/ui/game/globalComponents/overlayComponents_EA/overlayComponents_EA.big. chunk = {ca538e88-ccf9-a92d-712f-a71ec2c3bb4d}, start = 0x00FD9B2A, end = 0x0105CD8B, offset = 0x087E874D, size = 0x00444524
04:52:50.747424	INFO	[Legacy File Load Tracking] LoadFile: data/ui/game/globalComponents/overlayComponents_EA/overlayComponents_EA.big. chunk = {ca538e88-ccf9-a92d-712f-a71ec2c3bb4d}, start = 0x00FD9B2A, end = 0x0105CD8B, offset = 0x087E874D, size = 0x00444524
04:52:50.748015	INFO	[Legacy File Load Tracking] TryFindFile data/ui/game/globalComponents/o16Conmebol/o16Conmebol.big. Result = true. find_encrypted = true is_modded = false, chunk = {ca538e88-ccf9-a92d-712f-a71ec2c3bb4d}, start = 0x008ECB3C, end = 0x009DA312, offset = 0x0402EE0B, size = 0x0049A950)
04:52:50.748457	INFO	[Legacy File Load Tracking] LoadFile: data/ui/game/globalComponents/o16Conmebol/o16Conmebol.big. chunk = {ca538e88-ccf9-a92d-712f-a71ec2c3bb4d}, start = 0x008ECB3C, end = 0x009DA312, offset = 0x0402EE0B, size = 0x0049A950
04:52:50.748944	INFO	[Legacy File Load Tracking] LoadFile: data/ui/game/globalComponents/o16Conmebol/o16Conmebol.big. chunk = {ca538e88-ccf9-a92d-712f-a71ec2c3bb4d}, start = 0x008ECB3C, end = 0x009DA312, offset = 0x0402EE0B, size = 0x0049A950
04:52:50.749427	INFO	[Legacy File Load Tracking] LoadFile: data/ui/game/globalComponents/o16Conmebol/o16Conmebol.big. chunk = {ca538e88-ccf9-a92d-712f-a71ec2c3bb4d}, start = 0x008ECB3C, end = 0x009DA312, offset = 0x0402EE0B, size = 0x0049A950
04:52:50.750005	INFO	[Legacy File Load Tracking] LoadFile: data/ui/game/globalComponents/o16Conmebol/o16Conmebol.big. chunk = {ca538e88-ccf9-a92d-712f-a71ec2c3bb4d}, start = 0x008ECB3C, end = 0x009DA312, offset = 0x0402EE0B, size = 0x0049A950
04:52:50.760084	INFO	[Legacy File Load Tracking] LoadFile: data/ui/game/globalComponents/o16Conmebol/o16Conmebol.big. chunk = {ca538e88-ccf9-a92d-712f-a71ec2c3bb4d}, start = 0x008ECB3C, end = 0x009DA312, offset = 0x0402EE0B, size = 0x0049A950
04:52:50.765671	INFO	[Legacy File Load Tracking] LoadFile: data/ui/game/globalComponents/o16Conmebol/o16Conmebol.big. chunk = {ca538e88-ccf9-a92d-712f-a71ec2c3bb4d}, start = 0x008ECB3C, end = 0x009DA312, offset = 0x0402EE0B, size = 0x0049A950
04:52:50.766548	INFO	[Legacy File Load Tracking] LoadFile: data/ui/game/globalComponents/o16Conmebol/o16Conmebol.big. chunk = {ca538e88-ccf9-a92d-712f-a71ec2c3bb4d}, start = 0x008ECB3C, end = 0x009DA312, offset = 0x0402EE0B, size = 0x0049A950
04:52:50.767083	INFO	[Legacy File Load Tracking] LoadFile: data/ui/game/globalComponents/o16Conmebol/o16Conmebol.big. chunk = {ca538e88-ccf9-a92d-712f-a71ec2c3bb4d}, start = 0x008ECB3C, end = 0x009DA312, offset = 0x0402EE0B, size = 0x0049A950
04:52:50.772115	INFO	[Legacy File Load Tracking] LoadFile: data/ui/game/globalComponents/o16Conmebol/o16Conmebol.big. chunk = {ca538e88-ccf9-a92d-712f-a71ec2c3bb4d}, start = 0x008ECB3C, end = 0x009DA312, offset = 0x0402EE0B, size = 0x0049A950
04:52:50.772740	INFO	[Legacy File Load Tracking] LoadFile: data/ui/game/globalComponents/o16Conmebol/o16Conmebol.big. chunk = {ca538e88-ccf9-a92d-712f-a71ec2c3bb4d}, start = 0x008ECB3C, end = 0x009DA312, offset = 0x0402EE0B, size = 0x0049A950
04:52:50.773189	INFO	[Legacy File Load Tracking] LoadFile: data/ui/game/globalComponents/o16Conmebol/o16Conmebol.big. chunk = {ca538e88-ccf9-a92d-712f-a71ec2c3bb4d}, start = 0x008ECB3C, end = 0x009DA312, offset = 0x0402EE0B, size = 0x0049A950
04:52:50.778629	INFO	[Legacy File Load Tracking] LoadFile: data/ui/game/globalComponents/o16Conmebol/o16Conmebol.big. chunk = {ca538e88-ccf9-a92d-712f-a71ec2c3bb4d}, start = 0x008ECB3C, end = 0x009DA312, offset = 0x0402EE0B, size = 0x0049A950
04:52:50.779130	INFO	[Legacy File Load Tracking] LoadFile: data/ui/game/globalComponents/o16Conmebol/o16Conmebol.big. chunk = {ca538e88-ccf9-a92d-712f-a71ec2c3bb4d}, start = 0x008ECB3C, end = 0x009DA312, offset = 0x0402EE0B, size = 0x0049A950
04:52:50.783813	INFO	[Legacy File Load Tracking] LoadFile: data/ui/game/globalComponents/o16Conmebol/o16Conmebol.big. chunk = {ca538e88-ccf9-a92d-712f-a71ec2c3bb4d}, start = 0x008ECB3C, end = 0x009DA312, offset = 0x0402EE0B, size = 0x0049A950
04:52:50.785490	INFO	[Legacy File Load Tracking] TryFindFile data/ui/online/components/Framework.big. Result = true. find_encrypted = true is_modded = false, chunk = {ca538e88-ccf9-a92d-712f-a71ec2c3bb4d}, start = 0x0109F4CD, end = 0x010A7D10, offset = 0x08DCBFAD, size = 0x0000A660)
04:52:50.785982	INFO	[Legacy File Load Tracking] LoadFile: data/ui/online/components/Framework.big. chunk = {ca538e88-ccf9-a92d-712f-a71ec2c3bb4d}, start = 0x0109F4CD, end = 0x010A7D10, offset = 0x08DCBFAD, size = 0x0000A660
04:52:50.786394	INFO	[Legacy File Load Tracking] TryFindFile data/ui/game/components/ComponentPreloader.big. Result = true. find_encrypted = true is_modded = false, chunk = {1be9e79c-51dc-9379-fd42-17d6db947acd}, start = 0x011DB66E, end = 0x011E17AD, offset = 0x027F5076, size = 0x00001E40)
04:52:50.786693	INFO	[Legacy File Load Tracking] LoadFile: data/ui/game/components/ComponentPreloader.big. chunk = {1be9e79c-51dc-9379-fd42-17d6db947acd}, start = 0x011DB66E, end = 0x011E17AD, offset = 0x027F5076, size = 0x00001E40
04:52:50.787023	INFO	[Legacy File Load Tracking] TryFindFile data/ui/game/components/Indicators.big. Result = true. find_encrypted = true is_modded = false, chunk = {3ec62401-2dd0-bd89-4ec2-1cdfd1b55e2d}, start = 0x002030E9, end = 0x0023D3B6, offset = 0x0095D498, size = 0x00065FB0)
04:52:50.787282	INFO	[Legacy File Load Tracking] LoadFile: data/ui/game/components/Indicators.big. chunk = {3ec62401-2dd0-bd89-4ec2-1cdfd1b55e2d}, start = 0x002030E9, end = 0x0023D3B6, offset = 0x0095D498, size = 0x00065FB0
04:52:50.787764	INFO	[Legacy File Load Tracking] TryFindFile data/ui/external/ion_sports07/platform/proxy/art/A.big. Result = true. find_encrypted = true is_modded = false, chunk = {ca538e88-ccf9-a92d-712f-a71ec2c3bb4d}, start = 0x01269F4F, end = 0x0127974C, offset = 0x0A722E45, size = 0x000009B0)
04:52:50.788429	INFO	[Legacy File Load Tracking] LoadFile: data/ui/external/ion_sports07/platform/proxy/art/A.big. chunk = {ca538e88-ccf9-a92d-712f-a71ec2c3bb4d}, start = 0x01269F4F, end = 0x0127974C, offset = 0x0A722E45, size = 0x000009B0
04:52:50.788959	INFO	[Legacy File Load Tracking] TryFindFile data/ui/external/ion_sports07/platform/proxy/art/B.big. Result = true. find_encrypted = true is_modded = false, chunk = {ca538e88-ccf9-a92d-712f-a71ec2c3bb4d}, start = 0x00840618, end = 0x008500D0, offset = 0x03A7E77A, size = 0x000009B0)
04:52:50.789372	INFO	[Legacy File Load Tracking] LoadFile: data/ui/external/ion_sports07/platform/proxy/art/B.big. chunk = {ca538e88-ccf9-a92d-712f-a71ec2c3bb4d}, start = 0x00840618, end = 0x008500D0, offset = 0x03A7E77A, size = 0x000009B0
04:52:50.789853	INFO	[Legacy File Load Tracking] TryFindFile data/ui/external/ion_sports07/platform/proxy/art/L3.big. Result = true. find_encrypted = true is_modded = false, chunk = {ca538e88-ccf9-a92d-712f-a71ec2c3bb4d}, start = 0x00D58F70, end = 0x00D5F5F1, offset = 0x06EDE762, size = 0x00000AF0)
04:52:50.790500	INFO	[Legacy File Load Tracking] LoadFile: data/ui/external/ion_sports07/platform/proxy/art/L3.big. chunk = {ca538e88-ccf9-a92d-712f-a71ec2c3bb4d}, start = 0x00D58F70, end = 0x00D5F5F1, offset = 0x06EDE762, size = 0x00000AF0
04:52:50.791034	INFO	[Legacy File Load Tracking] TryFindFile data/ui/external/ion_sports07/platform/proxy/art/LAS_LR.big. Result = true. find_encrypted = true is_modded = false, chunk = {ca538e88-ccf9-a92d-712f-a71ec2c3bb4d}, start = 0x00D3DC8E, end = 0x00D4B563, offset = 0x06E62918, size = 0x00000D30)
04:52:50.791710	INFO	[Legacy File Load Tracking] LoadFile: data/ui/external/ion_sports07/platform/proxy/art/LAS_LR.big. chunk = {ca538e88-ccf9-a92d-712f-a71ec2c3bb4d}, start = 0x00D3DC8E, end = 0x00D4B563, offset = 0x06E62918, size = 0x00000D30
04:52:50.792207	INFO	[Legacy File Load Tracking] TryFindFile data/ui/external/ion_sports07/platform/proxy/art/LAS_NONE.big. Result = true. find_encrypted = true is_modded = false, chunk = {ca538e88-ccf9-a92d-712f-a71ec2c3bb4d}, start = 0x0121CF7D, end = 0x0122D122, offset = 0x0A37BB3A, size = 0x00000600)
04:52:50.792608	INFO	[Legacy File Load Tracking] LoadFile: data/ui/external/ion_sports07/platform/proxy/art/LAS_NONE.big. chunk = {ca538e88-ccf9-a92d-712f-a71ec2c3bb4d}, start = 0x0121CF7D, end = 0x0122D122, offset = 0x0A37BB3A, size = 0x00000600
04:52:50.793021	INFO	[Legacy File Load Tracking] TryFindFile data/ui/external/ion_sports07/platform/proxy/art/LAS_UD.big. Result = true. find_encrypted = true is_modded = false, chunk = {ca538e88-ccf9-a92d-712f-a71ec2c3bb4d}, start = 0x007F4E33, end = 0x007FC5F0, offset = 0x03845D77, size = 0x00000D30)
04:52:50.793343	INFO	[Legacy File Load Tracking] LoadFile: data/ui/external/ion_sports07/platform/proxy/art/LAS_UD.big. chunk = {ca538e88-ccf9-a92d-712f-a71ec2c3bb4d}, start = 0x007F4E33, end = 0x007FC5F0, offset = 0x03845D77, size = 0x00000D30
04:52:50.793650	INFO	[Legacy File Load Tracking] TryFindFile data/ui/external/ion_sports07/platform/proxy/art/LAS.big. Result = true. find_encrypted = true is_modded = false, chunk = {ca538e88-ccf9-a92d-712f-a71ec2c3bb4d}, start = 0x00D9D87A, end = 0x00DA3264, offset = 0x0716C139, size = 0x00000E30)
04:52:50.793904	INFO	[Legacy File Load Tracking] LoadFile: data/ui/external/ion_sports07/platform/proxy/art/LAS.big. chunk = {ca538e88-ccf9-a92d-712f-a71ec2c3bb4d}, start = 0x00D9D87A, end = 0x00DA3264, offset = 0x0716C139, size = 0x00000E30
04:52:50.794209	INFO	[Legacy File Load Tracking] TryFindFile data/ui/external/ion_sports07/platform/proxy/art/LB.big. Result = true. find_encrypted = true is_modded = false, chunk = {ca538e88-ccf9-a92d-712f-a71ec2c3bb4d}, start = 0x0129D8BB, end = 0x012ACAAE, offset = 0x0A864EFC, size = 0x00000AF0)
04:52:50.794468	INFO	[Legacy File Load Tracking] LoadFile: data/ui/external/ion_sports07/platform/proxy/art/LB.big. chunk = {ca538e88-ccf9-a92d-712f-a71ec2c3bb4d}, start = 0x0129D8BB, end = 0x012ACAAE, offset = 0x0A864EFC, size = 0x00000AF0
04:52:50.794757	INFO	[Legacy File Load Tracking] TryFindFile data/ui/external/ion_sports07/platform/proxy/art/LBRB.big. Result = true. find_encrypted = true is_modded = false, chunk = {ca538e88-ccf9-a92d-712f-a71ec2c3bb4d}, start = 0x0106713E, end = 0x01071CFB, offset = 0x08C96B7D, size = 0x00000640)
04:52:50.795038	INFO	[Legacy File Load Tracking] LoadFile: data/ui/external/ion_sports07/platform/proxy/art/LBRB.big. chunk = {ca538e88-ccf9-a92d-712f-a71ec2c3bb4d}, start = 0x0106713E, end = 0x01071CFB, offset = 0x08C96B7D, size = 0x00000640
04:52:50.795331	INFO	[Legacy File Load Tracking] TryFindFile data/ui/external/ion_sports07/platform/proxy/art/LT.big. Result = true. find_encrypted = true is_modded = false, chunk = {ca538e88-ccf9-a92d-712f-a71ec2c3bb4d}, start = 0x0080426B, end = 0x0081248E, offset = 0x0391521C, size = 0x00000AF0)
04:52:50.795626	INFO	[Legacy File Load Tracking] LoadFile: data/ui/external/ion_sports07/platform/proxy/art/LT.big. chunk = {ca538e88-ccf9-a92d-712f-a71ec2c3bb4d}, start = 0x0080426B, end = 0x0081248E, offset = 0x0391521C, size = 0x00000AF0
04:52:50.795960	INFO	[Legacy File Load Tracking] TryFindFile data/ui/external/ion_sports07/platform/proxy/art/LTRT.big. Result = true. find_encrypted = true is_modded = false, chunk = {ca538e88-ccf9-a92d-712f-a71ec2c3bb4d}, start = 0x007BAC6F, end = 0x007C7A8B, offset = 0x0362F4BB, size = 0x00000640)
04:52:50.796290	INFO	[Legacy File Load Tracking] LoadFile: data/ui/external/ion_sports07/platform/proxy/art/LTRT.big. chunk = {ca538e88-ccf9-a92d-712f-a71ec2c3bb4d}, start = 0x007BAC6F, end = 0x007C7A8B, offset = 0x0362F4BB, size = 0x00000640
04:52:50.796702	INFO	[Legacy File Load Tracking] TryFindFile data/ui/external/ion_sports07/platform/proxy/art/R3.big. Result = true. find_encrypted = true is_modded = false, chunk = {ca538e88-ccf9-a92d-712f-a71ec2c3bb4d}, start = 0x00F5C65C, end = 0x00F691F8, offset = 0x082DF507, size = 0x00000AF0)
04:52:50.796974	INFO	[Legacy File Load Tracking] LoadFile: data/ui/external/ion_sports07/platform/proxy/art/R3.big. chunk = {ca538e88-ccf9-a92d-712f-a71ec2c3bb4d}, start = 0x00F5C65C, end = 0x00F691F8, offset = 0x082DF507, size = 0x00000AF0
04:52:50.797309	INFO	[Legacy File Load Tracking] TryFindFile data/ui/external/ion_sports07/platform/proxy/art/RAS_LR.big. Result = true. find_encrypted = true is_modded = false, chunk = {ca538e88-ccf9-a92d-712f-a71ec2c3bb4d}, start = 0x002F2DCF, end = 0x0030182D, offset = 0x0146DEC5, size = 0x00000D30)
04:52:50.797629	INFO	[Legacy File Load Tracking] LoadFile: data/ui/external/ion_sports07/platform/proxy/art/RAS_LR.big. chunk = {ca538e88-ccf9-a92d-712f-a71ec2c3bb4d}, start = 0x002F2DCF, end = 0x0030182D, offset = 0x0146DEC5, size = 0x00000D30
04:52:50.797996	INFO	[Legacy File Load Tracking] TryFindFile data/ui/external/ion_sports07/platform/proxy/art/RAS_NONE.big. Result = true. find_encrypted = true is_modded = false, chunk = {ca538e88-ccf9-a92d-712f-a71ec2c3bb4d}, start = 0x007BAC6F, end = 0x007C7A8B, offset = 0x0363DBD4, size = 0x00000600)
04:52:50.798286	INFO	[Legacy File Load Tracking] LoadFile: data/ui/external/ion_sports07/platform/proxy/art/RAS_NONE.big. chunk = {ca538e88-ccf9-a92d-712f-a71ec2c3bb4d}, start = 0x007BAC6F, end = 0x007C7A8B, offset = 0x0363DBD4, size = 0x00000600
04:52:50.798590	INFO	[Legacy File Load Tracking] TryFindFile data/ui/external/ion_sports07/platform/proxy/art/RAS_UD.big. Result = true. find_encrypted = true is_modded = false, chunk = {ca538e88-ccf9-a92d-712f-a71ec2c3bb4d}, start = 0x00FB2357, end = 0x00FC1030, offset = 0x084E8F3D, size = 0x00000D30)
04:52:50.798904	INFO	[Legacy File Load Tracking] LoadFile: data/ui/external/ion_sports07/platform/proxy/art/RAS_UD.big. chunk = {ca538e88-ccf9-a92d-712f-a71ec2c3bb4d}, start = 0x00FB2357, end = 0x00FC1030, offset = 0x084E8F3D, size = 0x00000D30
04:52:50.799217	INFO	[Legacy File Load Tracking] TryFindFile data/ui/external/ion_sports07/platform/proxy/art/RB.big. Result = true. find_encrypted = true is_modded = false, chunk = {ca538e88-ccf9-a92d-712f-a71ec2c3bb4d}, start = 0x0082B745, end = 0x00837B64, offset = 0x039E412E, size = 0x00000AF0)
04:52:50.799473	INFO	[Legacy File Load Tracking] LoadFile: data/ui/external/ion_sports07/platform/proxy/art/RB.big. chunk = {ca538e88-ccf9-a92d-712f-a71ec2c3bb4d}, start = 0x0082B745, end = 0x00837B64, offset = 0x039E412E, size = 0x00000AF0
04:52:50.799770	INFO	[Legacy File Load Tracking] TryFindFile data/ui/external/ion_sports07/platform/proxy/art/RT.big. Result = true. find_encrypted = true is_modded = false, chunk = {ca538e88-ccf9-a92d-712f-a71ec2c3bb4d}, start = 0x00D58F70, end = 0x00D5F5F1, offset = 0x06EDDC72, size = 0x00000AF0)
04:52:50.800033	INFO	[Legacy File Load Tracking] LoadFile: data/ui/external/ion_sports07/platform/proxy/art/RT.big. chunk = {ca538e88-ccf9-a92d-712f-a71ec2c3bb4d}, start = 0x00D58F70, end = 0x00D5F5F1, offset = 0x06EDDC72, size = 0x00000AF0
04:52:50.800340	INFO	[Legacy File Load Tracking] TryFindFile data/ui/external/ion_sports07/platform/proxy/art/START.big. Result = true. find_encrypted = true is_modded = false, chunk = {ca538e88-ccf9-a92d-712f-a71ec2c3bb4d}, start = 0x01375421, end = 0x0137B054, offset = 0x0B52FA40, size = 0x000009B0)
04:52:50.800600	INFO	[Legacy File Load Tracking] LoadFile: data/ui/external/ion_sports07/platform/proxy/art/START.big. chunk = {ca538e88-ccf9-a92d-712f-a71ec2c3bb4d}, start = 0x01375421, end = 0x0137B054, offset = 0x0B52FA40, size = 0x000009B0
04:52:50.800960	INFO	[Legacy File Load Tracking] TryFindFile data/ui/external/ion_sports07/platform/proxy/art/X.big. Result = true. find_encrypted = true is_modded = false, chunk = {ca538e88-ccf9-a92d-712f-a71ec2c3bb4d}, start = 0x0106713E, end = 0x01071CFB, offset = 0x08C957A7, size = 0x00000AF0)
04:52:50.801778	INFO	[Legacy File Load Tracking] LoadFile: data/ui/external/ion_sports07/platform/proxy/art/X.big. chunk = {ca538e88-ccf9-a92d-712f-a71ec2c3bb4d}, start = 0x0106713E, end = 0x01071CFB, offset = 0x08C957A7, size = 0x00000AF0
04:52:50.803007	INFO	[Legacy File Load Tracking] TryFindFile data/ui/external/ion_sports07/platform/proxy/art/Y.big. Result = true. find_encrypted = true is_modded = false, chunk = {ca538e88-ccf9-a92d-712f-a71ec2c3bb4d}, start = 0x00D3DC8E, end = 0x00D4B563, offset = 0x06E61E28, size = 0x00000AF0)
04:52:50.803593	INFO	[Legacy File Load Tracking] LoadFile: data/ui/external/ion_sports07/platform/proxy/art/Y.big. chunk = {ca538e88-ccf9-a92d-712f-a71ec2c3bb4d}, start = 0x00D3DC8E, end = 0x00D4B563, offset = 0x06E61E28, size = 0x00000AF0
04:52:50.804166	INFO	[Legacy File Load Tracking] TryFindFile data/ui/external/ion_sports07/platform/proxy/art/RAS.big. Result = true. find_encrypted = true is_modded = false, chunk = {ca538e88-ccf9-a92d-712f-a71ec2c3bb4d}, start = 0x00F486C7, end = 0x00F4C630, offset = 0x0827057F, size = 0x00000600)
04:52:50.804606	INFO	[Legacy File Load Tracking] LoadFile: data/ui/external/ion_sports07/platform/proxy/art/RAS.big. chunk = {ca538e88-ccf9-a92d-712f-a71ec2c3bb4d}, start = 0x00F486C7, end = 0x00F4C630, offset = 0x0827057F, size = 0x00000600
04:52:50.805169	INFO	[Legacy File Load Tracking] TryFindFile data/ui/external/ion_sports07/platform/proxy/art/DPAD_LR.big. Result = true. find_encrypted = true is_modded = false, chunk = {ca538e88-ccf9-a92d-712f-a71ec2c3bb4d}, start = 0x00F7DBCA, end = 0x00F85F12, offset = 0x0838E4DA, size = 0x00000D30)
04:52:50.805648	INFO	[Legacy File Load Tracking] LoadFile: data/ui/external/ion_sports07/platform/proxy/art/DPAD_LR.big. chunk = {ca538e88-ccf9-a92d-712f-a71ec2c3bb4d}, start = 0x00F7DBCA, end = 0x00F85F12, offset = 0x0838E4DA, size = 0x00000D30
04:52:50.806025	INFO	[Legacy File Load Tracking] TryFindFile data/ui/external/ion_sports07/platform/proxy/art/SELECT.big. Result = true. find_encrypted = true is_modded = false, chunk = {ca538e88-ccf9-a92d-712f-a71ec2c3bb4d}, start = 0x007F4E33, end = 0x007FC5F0, offset = 0x0384962D, size = 0x00000AF0)
04:52:50.806359	INFO	[Legacy File Load Tracking] LoadFile: data/ui/external/ion_sports07/platform/proxy/art/SELECT.big. chunk = {ca538e88-ccf9-a92d-712f-a71ec2c3bb4d}, start = 0x007F4E33, end = 0x007FC5F0, offset = 0x0384962D, size = 0x00000AF0
04:52:50.806709	INFO	[Legacy File Load Tracking] TryFindFile data/ui/external/ion_sports07/platform/proxy/art/LAS_D.big. Result = true. find_encrypted = true is_modded = false, chunk = {ca538e88-ccf9-a92d-712f-a71ec2c3bb4d}, start = 0x0108495D, end = 0x01092D67, offset = 0x08D73841, size = 0x00000CF0)
04:52:50.807017	INFO	[Legacy File Load Tracking] LoadFile: data/ui/external/ion_sports07/platform/proxy/art/LAS_D.big. chunk = {ca538e88-ccf9-a92d-712f-a71ec2c3bb4d}, start = 0x0108495D, end = 0x01092D67, offset = 0x08D73841, size = 0x00000CF0
04:52:50.807344	INFO	[Legacy File Load Tracking] TryFindFile data/ui/external/ion_sports07/platform/proxy/art/LAS_U.big. Result = true. find_encrypted = true is_modded = false, chunk = {ca538e88-ccf9-a92d-712f-a71ec2c3bb4d}, start = 0x007EEA98, end = 0x007F4E33, offset = 0x0382A1EE, size = 0x00000CF0)
04:52:50.807620	INFO	[Legacy File Load Tracking] LoadFile: data/ui/external/ion_sports07/platform/proxy/art/LAS_U.big. chunk = {ca538e88-ccf9-a92d-712f-a71ec2c3bb4d}, start = 0x007EEA98, end = 0x007F4E33, offset = 0x0382A1EE, size = 0x00000CF0
04:52:50.807942	INFO	[Legacy File Load Tracking] TryFindFile data/ui/external/ion_sports07/platform/proxy/art/RAS_D.big. Result = true. find_encrypted = true is_modded = false, chunk = {ca538e88-ccf9-a92d-712f-a71ec2c3bb4d}, start = 0x00ED1EC7, end = 0x00ED906C, offset = 0x07EF4D9B, size = 0x00000CF0)
04:52:50.808222	INFO	[Legacy File Load Tracking] LoadFile: data/ui/external/ion_sports07/platform/proxy/art/RAS_D.big. chunk = {ca538e88-ccf9-a92d-712f-a71ec2c3bb4d}, start = 0x00ED1EC7, end = 0x00ED906C, offset = 0x07EF4D9B, size = 0x00000CF0
04:52:50.808570	INFO	[Legacy File Load Tracking] TryFindFile data/ui/external/ion_sports07/platform/proxy/art/RAS_U.big. Result = true. find_encrypted = true is_modded = false, chunk = {ca538e88-ccf9-a92d-712f-a71ec2c3bb4d}, start = 0x002F2DCF, end = 0x0030182D, offset = 0x0146C785, size = 0x00000CF0)
04:52:50.808852	INFO	[Legacy File Load Tracking] LoadFile: data/ui/external/ion_sports07/platform/proxy/art/RAS_U.big. chunk = {ca538e88-ccf9-a92d-712f-a71ec2c3bb4d}, start = 0x002F2DCF, end = 0x0030182D, offset = 0x0146C785, size = 0x00000CF0
04:52:50.809165	INFO	[Legacy File Load Tracking] TryFindFile data/ui/external/ion_sports07/platform/proxy/art/DPAD_ALL.big. Result = true. find_encrypted = true is_modded = false, chunk = {ca538e88-ccf9-a92d-712f-a71ec2c3bb4d}, start = 0x012914C0, end = 0x0129D8BB, offset = 0x0A820613, size = 0x00000E30)
04:52:50.809480	INFO	[Legacy File Load Tracking] LoadFile: data/ui/external/ion_sports07/platform/proxy/art/DPAD_ALL.big. chunk = {ca538e88-ccf9-a92d-712f-a71ec2c3bb4d}, start = 0x012914C0, end = 0x0129D8BB, offset = 0x0A820613, size = 0x00000E30
04:52:50.809810	INFO	[Legacy File Load Tracking] TryFindFile data/ui/external/ion_sports07/platform/proxy/art/LAS_L.big. Result = true. find_encrypted = true is_modded = false, chunk = {ca538e88-ccf9-a92d-712f-a71ec2c3bb4d}, start = 0x007B0389, end = 0x007BAC6F, offset = 0x035F85F7, size = 0x00000CF0)
04:52:50.810105	INFO	[Legacy File Load Tracking] LoadFile: data/ui/external/ion_sports07/platform/proxy/art/LAS_L.big. chunk = {ca538e88-ccf9-a92d-712f-a71ec2c3bb4d}, start = 0x007B0389, end = 0x007BAC6F, offset = 0x035F85F7, size = 0x00000CF0
04:52:50.810597	INFO	[Legacy File Load Tracking] TryFindFile data/ui/external/ion_sports07/platform/proxy/art/LAS_R.big. Result = true. find_encrypted = true is_modded = false, chunk = {ca538e88-ccf9-a92d-712f-a71ec2c3bb4d}, start = 0x0108495D, end = 0x01092D67, offset = 0x08D72B51, size = 0x00000CF0)
04:52:50.810986	INFO	[Legacy File Load Tracking] LoadFile: data/ui/external/ion_sports07/platform/proxy/art/LAS_R.big. chunk = {ca538e88-ccf9-a92d-712f-a71ec2c3bb4d}, start = 0x0108495D, end = 0x01092D67, offset = 0x08D72B51, size = 0x00000CF0
04:52:50.811363	INFO	[Legacy File Load Tracking] TryFindFile data/ui/external/ion_sports07/platform/proxy/art/HUD.big. Result = true. find_encrypted = true is_modded = false, chunk = {ca538e88-ccf9-a92d-712f-a71ec2c3bb4d}, start = 0x00D7086A, end = 0x00D79B7A, offset = 0x06F9522E, size = 0x000009B0)
04:52:50.811691	INFO	[Legacy File Load Tracking] LoadFile: data/ui/external/ion_sports07/platform/proxy/art/HUD.big. chunk = {ca538e88-ccf9-a92d-712f-a71ec2c3bb4d}, start = 0x00D7086A, end = 0x00D79B7A, offset = 0x06F9522E, size = 0x000009B0
04:52:50.812064	INFO	[Legacy File Load Tracking] TryFindFile data/ui/external/ion_sports07/platform/proxy/art/DPAD_UD.big. Result = true. find_encrypted = true is_modded = false, chunk = {ca538e88-ccf9-a92d-712f-a71ec2c3bb4d}, start = 0x00DB2B02, end = 0x00DC1F8C, offset = 0x071CCE18, size = 0x00000D30)
04:52:50.812352	INFO	[Legacy File Load Tracking] LoadFile: data/ui/external/ion_sports07/platform/proxy/art/DPAD_UD.big. chunk = {ca538e88-ccf9-a92d-712f-a71ec2c3bb4d}, start = 0x00DB2B02, end = 0x00DC1F8C, offset = 0x071CCE18, size = 0x00000D30
04:52:50.812677	INFO	[Legacy File Load Tracking] TryFindFile data/ui/external/ion_sports07/platform/proxy/art/RAS_R.big. Result = true. find_encrypted = true is_modded = false, chunk = {ca538e88-ccf9-a92d-712f-a71ec2c3bb4d}, start = 0x00ED906C, end = 0x00EE37FA, offset = 0x07F1218D, size = 0x00000CF0)
04:52:50.812941	INFO	[Legacy File Load Tracking] LoadFile: data/ui/external/ion_sports07/platform/proxy/art/RAS_R.big. chunk = {ca538e88-ccf9-a92d-712f-a71ec2c3bb4d}, start = 0x00ED906C, end = 0x00EE37FA, offset = 0x07F1218D, size = 0x00000CF0
04:52:50.813257	INFO	[Legacy File Load Tracking] TryFindFile data/ui/external/ion_sports07/platform/proxy/art/RAS_L.big. Result = true. find_encrypted = true is_modded = false, chunk = {ca538e88-ccf9-a92d-712f-a71ec2c3bb4d}, start = 0x008500D0, end = 0x00860230, offset = 0x03A870BB, size = 0x00000CF0)
04:52:50.813592	INFO	[Legacy File Load Tracking] LoadFile: data/ui/external/ion_sports07/platform/proxy/art/RAS_L.big. chunk = {ca538e88-ccf9-a92d-712f-a71ec2c3bb4d}, start = 0x008500D0, end = 0x00860230, offset = 0x03A870BB, size = 0x00000CF0
04:52:50.813905	INFO	[Legacy File Load Tracking] TryFindFile data/ui/external/ion_sports07/platform/proxy/art/RAS_ALL.big. Result = true. find_encrypted = true is_modded = false, chunk = {ca538e88-ccf9-a92d-712f-a71ec2c3bb4d}, start = 0x00F5C65C, end = 0x00F691F8, offset = 0x082EED89, size = 0x00000DF0)
04:52:50.814174	INFO	[Legacy File Load Tracking] LoadFile: data/ui/external/ion_sports07/platform/proxy/art/RAS_ALL.big. chunk = {ca538e88-ccf9-a92d-712f-a71ec2c3bb4d}, start = 0x00F5C65C, end = 0x00F691F8, offset = 0x082EED89, size = 0x00000DF0
04:52:50.814485	INFO	[Legacy File Load Tracking] TryFindFile data/ui/external/ion_sports07/platform/proxy/art/LAS_ALL.big. Result = true. find_encrypted = true is_modded = false, chunk = {ca538e88-ccf9-a92d-712f-a71ec2c3bb4d}, start = 0x0082B745, end = 0x00837B64, offset = 0x039C048E, size = 0x00000DF0)
04:52:50.814751	INFO	[Legacy File Load Tracking] LoadFile: data/ui/external/ion_sports07/platform/proxy/art/LAS_ALL.big. chunk = {ca538e88-ccf9-a92d-712f-a71ec2c3bb4d}, start = 0x0082B745, end = 0x00837B64, offset = 0x039C048E, size = 0x00000DF0
04:52:50.815084	INFO	[Legacy File Load Tracking] TryFindFile data/ui/external/ion_sports07/platform/proxy/art/DPAD_U.big. Result = true. find_encrypted = true is_modded = false, chunk = {ca538e88-ccf9-a92d-712f-a71ec2c3bb4d}, start = 0x0079DBC6, end = 0x007A5735, offset = 0x03570A4F, size = 0x00000CF0)
04:52:50.815390	INFO	[Legacy File Load Tracking] LoadFile: data/ui/external/ion_sports07/platform/proxy/art/DPAD_U.big. chunk = {ca538e88-ccf9-a92d-712f-a71ec2c3bb4d}, start = 0x0079DBC6, end = 0x007A5735, offset = 0x03570A4F, size = 0x00000CF0
04:52:50.815727	INFO	[Legacy File Load Tracking] TryFindFile data/ui/external/ion_sports07/platform/proxy/art/DPAD_R.big. Result = true. find_encrypted = true is_modded = false, chunk = {ca538e88-ccf9-a92d-712f-a71ec2c3bb4d}, start = 0x01092D67, end = 0x0109F4CD, offset = 0x08D8AE93, size = 0x00000CF0)
04:52:50.816038	INFO	[Legacy File Load Tracking] LoadFile: data/ui/external/ion_sports07/platform/proxy/art/DPAD_R.big. chunk = {ca538e88-ccf9-a92d-712f-a71ec2c3bb4d}, start = 0x01092D67, end = 0x0109F4CD, offset = 0x08D8AE93, size = 0x00000CF0
04:52:50.816507	INFO	[Legacy File Load Tracking] TryFindFile data/ui/external/ion_sports07/platform/proxy/art/DPAD_L.big. Result = true. find_encrypted = true is_modded = false, chunk = {ca538e88-ccf9-a92d-712f-a71ec2c3bb4d}, start = 0x00153E58, end = 0x001593E0, offset = 0x00A66F6C, size = 0x00000CF0)
04:52:50.816994	INFO	[Legacy File Load Tracking] LoadFile: data/ui/external/ion_sports07/platform/proxy/art/DPAD_L.big. chunk = {ca538e88-ccf9-a92d-712f-a71ec2c3bb4d}, start = 0x00153E58, end = 0x001593E0, offset = 0x00A66F6C, size = 0x00000CF0
04:52:50.817489	INFO	[Legacy File Load Tracking] TryFindFile data/ui/external/ion_sports07/platform/proxy/art/DPAD_D.big. Result = true. find_encrypted = true is_modded = false, chunk = {ca538e88-ccf9-a92d-712f-a71ec2c3bb4d}, start = 0x00D30A3A, end = 0x00D3DC8E, offset = 0x06E2DD28, size = 0x00000CF0)
04:52:50.817807	INFO	[Legacy File Load Tracking] LoadFile: data/ui/external/ion_sports07/platform/proxy/art/DPAD_D.big. chunk = {ca538e88-ccf9-a92d-712f-a71ec2c3bb4d}, start = 0x00D30A3A, end = 0x00D3DC8E, offset = 0x06E2DD28, size = 0x00000CF0
04:52:50.818160	INFO	[Legacy File Load Tracking] TryFindFile data/ui/external/ion_sports07/platform/proxy/art/DPAD.big. Result = true. find_encrypted = true is_modded = false, chunk = {ca538e88-ccf9-a92d-712f-a71ec2c3bb4d}, start = 0x002F2DCF, end = 0x0030182D, offset = 0x0146EBF5, size = 0x00000D80)
04:52:50.818511	INFO	[Legacy File Load Tracking] LoadFile: data/ui/external/ion_sports07/platform/proxy/art/DPAD.big. chunk = {ca538e88-ccf9-a92d-712f-a71ec2c3bb4d}, start = 0x002F2DCF, end = 0x0030182D, offset = 0x0146EBF5, size = 0x00000D80
04:52:50.819063	INFO	[Legacy File Load Tracking] TryFindFile data/ui/game/components/PillButtonGlow.big. Result = true. find_encrypted = true is_modded = false, chunk = {d257a8e3-e8cd-5d65-e693-87814ce46245}, start = 0x00000000, end = 0x0001A93B, offset = 0x00000000, size = 0x000A3430)
04:52:50.819499	INFO	[Legacy File Load Tracking] LoadFile: data/ui/game/components/PillButtonGlow.big. chunk = {d257a8e3-e8cd-5d65-e693-87814ce46245}, start = 0x00000000, end = 0x0001A93B, offset = 0x00000000, size = 0x000A3430
04:52:50.821212	INFO	[Legacy File Load Tracking] TryFindFile data/ui/game/components/PanelHelpBar.big. Result = true. find_encrypted = true is_modded = false, chunk = {65c01a91-0c0d-d881-b0fd-a0671d649e55}, start = 0x00000000, end = 0x00000444, offset = 0x00000000, size = 0x000017F0)
04:52:50.821803	INFO	[Legacy File Load Tracking] LoadFile: data/ui/game/components/PanelHelpBar.big. chunk = {65c01a91-0c0d-d881-b0fd-a0671d649e55}, start = 0x00000000, end = 0x00000444, offset = 0x00000000, size = 0x000017F0
04:52:50.823325	INFO	[Legacy File Load Tracking] TryFindFile data/ui/game/components/GridControl.big. Result = true. find_encrypted = true is_modded = false, chunk = {dd9dcec7-aa96-0b83-6559-a26aa147fc6d}, start = 0x00FDF688, end = 0x01006AED, offset = 0x01CA537A, size = 0x00017688)
04:52:50.823875	INFO	[Legacy File Load Tracking] LoadFile: data/ui/game/components/GridControl.big. chunk = {dd9dcec7-aa96-0b83-6559-a26aa147fc6d}, start = 0x00FDF688, end = 0x01006AED, offset = 0x01CA537A, size = 0x00017688
04:52:50.824317	INFO	[Legacy File Load Tracking] TryFindFile data/ui/game/components/ToggleWithImage.big. Result = true. find_encrypted = true is_modded = false, chunk = {3ec62401-2dd0-bd89-4ec2-1cdfd1b55e2d}, start = 0x01822AFE, end = 0x0184761C, offset = 0x027EFC39, size = 0x0000BBA0)
04:52:50.824614	INFO	[Legacy File Load Tracking] LoadFile: data/ui/game/components/ToggleWithImage.big. chunk = {3ec62401-2dd0-bd89-4ec2-1cdfd1b55e2d}, start = 0x01822AFE, end = 0x0184761C, offset = 0x027EFC39, size = 0x0000BBA0
04:52:50.824964	INFO	[Legacy File Load Tracking] TryFindFile data/ui/game/components/FluxComponents/CommunityCounter.big. Result = true. find_encrypted = true is_modded = false, chunk = {e49b9e68-877d-a211-94db-607f30d31199}, start = 0x0022339E, end = 0x002568B6, offset = 0x002B5A04, size = 0x000043A0)
04:52:50.825321	INFO	[Legacy File Load Tracking] LoadFile: data/ui/game/components/FluxComponents/CommunityCounter.big. chunk = {e49b9e68-877d-a211-94db-607f30d31199}, start = 0x0022339E, end = 0x002568B6, offset = 0x002B5A04, size = 0x000043A0
04:52:50.825741	INFO	[Legacy File Load Tracking] TryFindFile data/ui/game/components/online/graphs/SeasonalProgressionGraph.big. Result = true. find_encrypted = true is_modded = false, chunk = {ab0ea962-5427-4b7f-838a-2ca6d83a07a9}, start = 0x01FFEA5D, end = 0x020044AE, offset = 0x027C25DA, size = 0x00015368)
04:52:50.826069	INFO	[Legacy File Load Tracking] LoadFile: data/ui/game/components/online/graphs/SeasonalProgressionGraph.big. chunk = {ab0ea962-5427-4b7f-838a-2ca6d83a07a9}, start = 0x01FFEA5D, end = 0x020044AE, offset = 0x027C25DA, size = 0x00015368
04:52:50.826450	INFO	[Legacy File Load Tracking] TryFindFile data/ui/game/components/CareerComponents/SumEditor.big. Result = true. find_encrypted = true is_modded = false, chunk = {1be9e79c-51dc-9379-fd42-17d6db947acd}, start = 0x011DB66E, end = 0x011E17AD, offset = 0x027EE2C1, size = 0x000045A8)
04:52:50.826776	INFO	[Legacy File Load Tracking] LoadFile: data/ui/game/components/CareerComponents/SumEditor.big. chunk = {1be9e79c-51dc-9379-fd42-17d6db947acd}, start = 0x011DB66E, end = 0x011E17AD, offset = 0x027EE2C1, size = 0x000045A8
04:52:50.827223	INFO	[Legacy File Load Tracking] TryFindFile data/ui/game/components/TeamPitchPlayer.big. Result = true. find_encrypted = true is_modded = false, chunk = {e49b9e68-877d-a211-94db-607f30d31199}, start = 0x01BCFAB2, end = 0x01C0190A, offset = 0x0271534E, size = 0x00047D28)
04:52:50.827568	INFO	[Legacy File Load Tracking] LoadFile: data/ui/game/components/TeamPitchPlayer.big. chunk = {e49b9e68-877d-a211-94db-607f30d31199}, start = 0x01BCFAB2, end = 0x01C0190A, offset = 0x0271534E, size = 0x00047D28
04:52:50.827928	INFO	[Legacy File Load Tracking] TryFindFile data/ui/game/components/QuickSubIndicator.big. Result = true. find_encrypted = true is_modded = false, chunk = {e49b9e68-877d-a211-94db-607f30d31199}, start = 0x004E2F04, end = 0x004E7DE7, offset = 0x0093C026, size = 0x00001A30)
04:52:50.828228	INFO	[Legacy File Load Tracking] LoadFile: data/ui/game/components/QuickSubIndicator.big. chunk = {e49b9e68-877d-a211-94db-607f30d31199}, start = 0x004E2F04, end = 0x004E7DE7, offset = 0x0093C026, size = 0x00001A30
04:52:50.828567	INFO	[Legacy File Load Tracking] TryFindFile data/ui/game/components/FluxCore/ToggleMenu.big. Result = true. find_encrypted = true is_modded = false, chunk = {1be9e79c-51dc-9379-fd42-17d6db947acd}, start = 0x011B5F69, end = 0x011E17AD, offset = 0x027A8E96, size = 0x0003F0A0)
04:52:50.828853	INFO	[Legacy File Load Tracking] LoadFile: data/ui/game/components/FluxCore/ToggleMenu.big. chunk = {1be9e79c-51dc-9379-fd42-17d6db947acd}, start = 0x011B5F69, end = 0x011E17AD, offset = 0x027A8E96, size = 0x0003F0A0
04:52:50.829344	INFO	[Legacy File Load Tracking] TryFindFile data/ui/game/components/FluxComponents/online/PerkIcon.big. Result = true. find_encrypted = true is_modded = false, chunk = {049452b1-c48a-81be-088a-5c2b4a3ff665}, start = 0x00000000, end = 0x000009EE, offset = 0x00000000, size = 0x00002458)
04:52:50.829694	INFO	[Legacy File Load Tracking] LoadFile: data/ui/game/components/FluxComponents/online/PerkIcon.big. chunk = {049452b1-c48a-81be-088a-5c2b4a3ff665}, start = 0x00000000, end = 0x000009EE, offset = 0x00000000, size = 0x00002458
04:52:50.830665	INFO	[Legacy File Load Tracking] TryFindFile data/ui/game/components/FluxComponents/ButtonText.big. Result = true. find_encrypted = true is_modded = false, chunk = {3ac9a893-df19-de64-023c-15b711fba0a9}, start = 0x00000000, end = 0x00000E49, offset = 0x00000000, size = 0x00003FB0)
04:52:50.831057	INFO	[Legacy File Load Tracking] LoadFile: data/ui/game/components/FluxComponents/ButtonText.big. chunk = {3ac9a893-df19-de64-023c-15b711fba0a9}, start = 0x00000000, end = 0x00000E49, offset = 0x00000000, size = 0x00003FB0
04:52:50.832012	INFO	[Legacy File Load Tracking] TryFindFile data/ui/game/components/FluxCore/FluxNavigator.big. Result = true. find_encrypted = true is_modded = false, chunk = {a7677ff7-83ee-55b8-20ef-1656bf648d29}, start = 0x00000000, end = 0x00004460, offset = 0x00000000, size = 0x00013D68)
04:52:50.832544	INFO	[Legacy File Load Tracking] LoadFile: data/ui/game/components/FluxCore/FluxNavigator.big. chunk = {a7677ff7-83ee-55b8-20ef-1656bf648d29}, start = 0x00000000, end = 0x00004460, offset = 0x00000000, size = 0x00013D68
04:52:50.833787	INFO	[Legacy File Load Tracking] TryFindFile data/ui/game/widgets/FluxWidget.big. Result = true. find_encrypted = true is_modded = false, chunk = {207f514f-f25c-d290-e0df-cc9b49fcbb71}, start = 0x00000000, end = 0x000013DE, offset = 0x00000000, size = 0x00004C88)
04:52:50.834198	INFO	[Legacy File Load Tracking] LoadFile: data/ui/game/widgets/FluxWidget.big. chunk = {207f514f-f25c-d290-e0df-cc9b49fcbb71}, start = 0x00000000, end = 0x000013DE, offset = 0x00000000, size = 0x00004C88
04:52:50.835573	INFO	[Legacy File Load Tracking] TryFindFile data/ui/game/components/FluxComponents/FluxTileAnimatedBottomLine.big. Result = true. find_encrypted = true is_modded = false, chunk = {f2604ea4-ffd0-1209-2ab0-4fcabb3e79d1}, start = 0x00000000, end = 0x000009B3, offset = 0x00000000, size = 0x000022D8)
04:52:50.836277	INFO	[Legacy File Load Tracking] LoadFile: data/ui/game/components/FluxComponents/FluxTileAnimatedBottomLine.big. chunk = {f2604ea4-ffd0-1209-2ab0-4fcabb3e79d1}, start = 0x00000000, end = 0x000009B3, offset = 0x00000000, size = 0x000022D8
04:52:50.838212	INFO	[Legacy File Load Tracking] TryFindFile data/ui/game/screens/fluxHub/FluxHub.big. Result = true. find_encrypted = true is_modded = false, chunk = {67d52fd2-f533-609e-29a5-a0221f69b4bd}, start = 0x00000000, end = 0x00001A2E, offset = 0x00000000, size = 0x000064E0)
04:52:50.838880	INFO	[Legacy File Load Tracking] LoadFile: data/ui/game/screens/fluxHub/FluxHub.big. chunk = {67d52fd2-f533-609e-29a5-a0221f69b4bd}, start = 0x00000000, end = 0x00001A2E, offset = 0x00000000, size = 0x000064E0
04:52:50.840195	INFO	[Legacy File Load Tracking] TryFindFile data/ui/game/components/FluxComponents/FluxTextBox.big. Result = true. find_encrypted = true is_modded = false, chunk = {d8ec1a73-eb0a-8812-5792-1a29c02124bd}, start = 0x00000000, end = 0x00000B05, offset = 0x00000000, size = 0x000028B8)
04:52:50.840621	INFO	[Legacy File Load Tracking] LoadFile: data/ui/game/components/FluxComponents/FluxTextBox.big. chunk = {d8ec1a73-eb0a-8812-5792-1a29c02124bd}, start = 0x00000000, end = 0x00000B05, offset = 0x00000000, size = 0x000028B8
04:52:50.841541	INFO	[Legacy File Load Tracking] TryFindFile data/ui/game/components/FluxComponents/FluxSlider.big. Result = true. find_encrypted = true is_modded = false, chunk = {c920b2c0-8cc4-1eef-eba0-4d1a317475c9}, start = 0x00000000, end = 0x00000CCD, offset = 0x00000000, size = 0x000034F0)
04:52:50.841967	INFO	[Legacy File Load Tracking] LoadFile: data/ui/game/components/FluxComponents/FluxSlider.big. chunk = {c920b2c0-8cc4-1eef-eba0-4d1a317475c9}, start = 0x00000000, end = 0x00000CCD, offset = 0x00000000, size = 0x000034F0
04:52:50.842928	INFO	[Legacy File Load Tracking] TryFindFile data/ui/game/components/FluxComponents/GradualSlider.big. Result = true. find_encrypted = true is_modded = false, chunk = {e4c41a93-1d02-702a-18f1-9c0fa4c62541}, start = 0x00000000, end = 0x00002475, offset = 0x00000000, size = 0x00010640)
04:52:50.843419	INFO	[Legacy File Load Tracking] LoadFile: data/ui/game/components/FluxComponents/GradualSlider.big. chunk = {e4c41a93-1d02-702a-18f1-9c0fa4c62541}, start = 0x00000000, end = 0x00002475, offset = 0x00000000, size = 0x00010640
04:52:50.844413	INFO	[Legacy File Load Tracking] TryFindFile data/ui/game/components/ComparisonDiagram.big. Result = true. find_encrypted = true is_modded = false, chunk = {ccee2219-7587-ae12-4455-b8810d17a2f9}, start = 0x00000000, end = 0x00002FBF, offset = 0x00000000, size = 0x00027A20)
04:52:50.844762	INFO	[Legacy File Load Tracking] LoadFile: data/ui/game/components/ComparisonDiagram.big. chunk = {ccee2219-7587-ae12-4455-b8810d17a2f9}, start = 0x00000000, end = 0x00002FBF, offset = 0x00000000, size = 0x00027A20
04:52:50.846094	INFO	[Legacy File Load Tracking] TryFindFile data/ui/game/components/FluxComponents/ManagerFavorProgress.big. Result = true. find_encrypted = true is_modded = false, chunk = {1adf970b-82db-dfc9-2cd2-f8125d845a3d}, start = 0x00000000, end = 0x00001106, offset = 0x00000000, size = 0x00005208)
04:52:50.846545	INFO	[Legacy File Load Tracking] LoadFile: data/ui/game/components/FluxComponents/ManagerFavorProgress.big. chunk = {1adf970b-82db-dfc9-2cd2-f8125d845a3d}, start = 0x00000000, end = 0x00001106, offset = 0x00000000, size = 0x00005208
04:52:50.847464	INFO	[Legacy File Load Tracking] TryFindFile data/ui/game/components/FluxComponents/FluxPillButton.big. Result = true. find_encrypted = true is_modded = false, chunk = {5a056f94-ee6b-5aae-c6eb-326b18de6505}, start = 0x00000000, end = 0x00000B7C, offset = 0x00000000, size = 0x00002920)
04:52:50.847907	INFO	[Legacy File Load Tracking] LoadFile: data/ui/game/components/FluxComponents/FluxPillButton.big. chunk = {5a056f94-ee6b-5aae-c6eb-326b18de6505}, start = 0x00000000, end = 0x00000B7C, offset = 0x00000000, size = 0x00002920
04:52:50.848888	INFO	[Legacy File Load Tracking] TryFindFile data/ui/game/components/FluxComponents/FluxTeamPitch.big. Result = true. find_encrypted = true is_modded = false, chunk = {8351cc0b-4d04-e605-7027-4c95efd9649d}, start = 0x00000000, end = 0x000011FD, offset = 0x00000000, size = 0x00007260)
04:52:50.849441	INFO	[Legacy File Load Tracking] LoadFile: data/ui/game/components/FluxComponents/FluxTeamPitch.big. chunk = {8351cc0b-4d04-e605-7027-4c95efd9649d}, start = 0x00000000, end = 0x000011FD, offset = 0x00000000, size = 0x00007260
04:52:50.850625	INFO	[Legacy File Load Tracking] TryFindFile data/ui/game/components/teamsheets/TacticalPitch.big. Result = true. find_encrypted = true is_modded = false, chunk = {3e6fd850-55f2-8178-3d2d-d862d745b545}, start = 0x00000000, end = 0x000017BA, offset = 0x00000000, size = 0x000352F0)
04:52:50.851212	INFO	[Legacy File Load Tracking] LoadFile: data/ui/game/components/teamsheets/TacticalPitch.big. chunk = {3e6fd850-55f2-8178-3d2d-d862d745b545}, start = 0x00000000, end = 0x000017BA, offset = 0x00000000, size = 0x000352F0
04:52:50.853159	INFO	[Legacy File Load Tracking] TryFindFile data/ui/game/components/FluxComponents/FluxBar.big. Result = true. find_encrypted = true is_modded = false, chunk = {b2000260-0af0-3186-a467-7cf8bcab3661}, start = 0x00000000, end = 0x00002898, offset = 0x00000000, size = 0x0000BEB8)
04:52:50.853159	INFO	[Legacy File Load Tracking] TryFindFile data/ui/fonts/Times New Roman.ttf. Result = false. find_encrypted = true is_modded = false, chunk = {eebdd300-0000-0000-10da-616802000000}, start = 0xF17D10C0, end = 0x140620FEE, offset = 0xF17D10C0, size = 0x14C1A4280)
04:52:50.853779	INFO	[Legacy File Load Tracking] LoadFile: data/ui/game/components/FluxComponents/FluxBar.big. chunk = {b2000260-0af0-3186-a467-7cf8bcab3661}, start = 0x00000000, end = 0x00002898, offset = 0x00000000, size = 0x0000BEB8
04:52:50.855460	INFO	[Legacy File Load Tracking] TryFindFile data/ui/game/components/FluxComponents/AnimatedFluxTextBox.big. Result = true. find_encrypted = true is_modded = false, chunk = {e46f9481-d74a-d99c-a9dc-cb6320d1793d}, start = 0x00000000, end = 0x0000202C, offset = 0x00000000, size = 0x000092D0)
04:52:50.855999	INFO	[Legacy File Load Tracking] LoadFile: data/ui/game/components/FluxComponents/AnimatedFluxTextBox.big. chunk = {e46f9481-d74a-d99c-a9dc-cb6320d1793d}, start = 0x00000000, end = 0x0000202C, offset = 0x00000000, size = 0x000092D0
04:52:50.856014	INFO	[Legacy File Load Tracking] TryFindFile data/ui/fonts/Times New Roman.ttf. Result = false. find_encrypted = true is_modded = false, chunk = {eebdd300-0000-0000-10da-616802000000}, start = 0xF17D5208, end = 0x140620FEE, offset = 0xF17D5208, size = 0x14C1A4280)
04:52:50.857177	INFO	[Legacy File Load Tracking] TryFindFile data/ui/game/components/FluxComponents/FluxPillButtonsBox.big. Result = true. find_encrypted = true is_modded = false, chunk = {9674ed39-c6dd-a121-10e3-0aea766a2eb5}, start = 0x00000000, end = 0x00000F79, offset = 0x00000000, size = 0x00003978)
04:52:50.857475	INFO	[Legacy File Load Tracking] TryFindFile data/ui/fonts/Times New Roman.ttf. Result = false. find_encrypted = true is_modded = false, chunk = {eebdd300-0000-0000-10d6-616802000000}, start = 0xF17D5D18, end = 0x140620FEE, offset = 0xF17D5D18, size = 0x14C1A4280)
04:52:50.857636	INFO	[Legacy File Load Tracking] LoadFile: data/ui/game/components/FluxComponents/FluxPillButtonsBox.big. chunk = {9674ed39-c6dd-a121-10e3-0aea766a2eb5}, start = 0x00000000, end = 0x00000F79, offset = 0x00000000, size = 0x00003978
04:52:50.858318	INFO	[Legacy File Load Tracking] TryFindFile data/ui/fonts/Times New Roman.ttf. Result = false. find_encrypted = true is_modded = false, chunk = {eebdd300-0000-0000-10d6-616802000000}, start = 0xF17D6578, end = 0x140620FEE, offset = 0xF17D6578, size = 0x14C1A4280)
04:52:50.858935	INFO	[Legacy File Load Tracking] TryFindFile data/ui/game/components/FluxComponents/FluxMoviePlayer.big. Result = true. find_encrypted = true is_modded = false, chunk = {2f8fcda6-0cb6-4bf9-f86e-af428f3055d9}, start = 0x00000000, end = 0x00000B9D, offset = 0x00000000, size = 0x00002CA8)
04:52:50.859223	INFO	[Legacy File Load Tracking] TryFindFile data/ui/fonts/Times New Roman.ttf. Result = false. find_encrypted = true is_modded = false, chunk = {eebdd300-0000-0000-10da-616802000000}, start = 0xF17D7148, end = 0x140620FEE, offset = 0xF17D7148, size = 0x14C1A4280)
04:52:50.859383	INFO	[Legacy File Load Tracking] LoadFile: data/ui/game/components/FluxComponents/FluxMoviePlayer.big. chunk = {2f8fcda6-0cb6-4bf9-f86e-af428f3055d9}, start = 0x00000000, end = 0x00000B9D, offset = 0x00000000, size = 0x00002CA8
04:52:50.860270	INFO	[Legacy File Load Tracking] TryFindFile data/ui/fonts/Times New Roman.ttf. Result = false. find_encrypted = true is_modded = false, chunk = {eebdd300-0000-0000-10d6-616802000000}, start = 0xF17D7E48, end = 0x140620FEE, offset = 0xF17D7E48, size = 0x14C1A4280)
04:52:50.861113	INFO	[Legacy File Load Tracking] TryFindFile data/ui/game/components/FluxComponents/ArchetypeCard.big. Result = true. find_encrypted = true is_modded = false, chunk = {b00ff6a6-8043-0f7a-1c08-08af31a8c4e1}, start = 0x00000000, end = 0x0012AF1B, offset = 0x00000000, size = 0x0076E108)
04:52:50.861848	INFO	[Legacy File Load Tracking] LoadFile: data/ui/game/components/FluxComponents/ArchetypeCard.big. chunk = {b00ff6a6-8043-0f7a-1c08-08af31a8c4e1}, start = 0x00000000, end = 0x0012AF1B, offset = 0x00000000, size = 0x0076E108
04:52:50.861865	INFO	[Legacy File Load Tracking] TryFindFile data/ui/fonts/Times New Roman.ttf. Result = false. find_encrypted = true is_modded = false, chunk = {eebdd300-0000-0000-10d6-616802000000}, start = 0xF17D8948, end = 0x140620FEE, offset = 0xF17D8948, size = 0x14C1A4280)
04:52:50.862962	INFO	[Legacy File Load Tracking] TryFindFile data/ui/fonts/Times New Roman.ttf. Result = false. find_encrypted = true is_modded = false, chunk = {eebdd300-0000-0000-10da-616802000000}, start = 0xF17D92B0, end = 0x140620FEE, offset = 0xF17D92B0, size = 0x14C1A4280)
04:52:50.864123	INFO	[Legacy File Load Tracking] LoadFile: data/ui/game/components/FluxComponents/ArchetypeCard.big. chunk = {b00ff6a6-8043-0f7a-1c08-08af31a8c4e1}, start = 0x00000000, end = 0x0012AF1B, offset = 0x00000000, size = 0x0076E108
04:52:50.864743	INFO	[Legacy File Load Tracking] TryFindFile data/ui/fonts/Times New Roman.ttf. Result = false. find_encrypted = true is_modded = false, chunk = {eebdd300-0000-0000-10da-616802000000}, start = 0xF17DD5F8, end = 0x140620FEE, offset = 0xF17DD5F8, size = 0x14C1A4280)
04:52:50.865541	INFO	[Legacy File Load Tracking] TryFindFile data/ui/fonts/Times New Roman.ttf. Result = false. find_encrypted = true is_modded = false, chunk = {eebdd300-0000-0000-10da-616802000000}, start = 0xF17DDAB8, end = 0x140620FEE, offset = 0xF17DDAB8, size = 0x14C1A4280)
04:52:50.866141	INFO	[Legacy File Load Tracking] LoadFile: data/ui/game/components/FluxComponents/ArchetypeCard.big. chunk = {b00ff6a6-8043-0f7a-1c08-08af31a8c4e1}, start = 0x00000000, end = 0x0012AF1B, offset = 0x00000000, size = 0x0076E108
04:52:50.866652	INFO	[Legacy File Load Tracking] TryFindFile data/ui/fonts/Times New Roman.ttf. Result = false. find_encrypted = true is_modded = false, chunk = {eebdd300-0000-0000-10da-616802000000}, start = 0xF17DEDD0, end = 0x140620FEE, offset = 0xF17DEDD0, size = 0x14C1A4280)
04:52:50.867761	INFO	[Legacy File Load Tracking] TryFindFile data/ui/fonts/Times New Roman.ttf. Result = false. find_encrypted = true is_modded = false, chunk = {eebdd300-0000-0000-10da-616802000000}, start = 0xF17DF8D0, end = 0x140620FEE, offset = 0xF17DF8D0, size = 0x14C1A4280)
04:52:50.868163	INFO	[Legacy File Load Tracking] LoadFile: data/ui/game/components/FluxComponents/ArchetypeCard.big. chunk = {b00ff6a6-8043-0f7a-1c08-08af31a8c4e1}, start = 0x00000000, end = 0x0012AF1B, offset = 0x00000000, size = 0x0076E108
04:52:50.869452	INFO	[Legacy File Load Tracking] TryFindFile data/ui/fonts/Times New Roman.ttf. Result = false. find_encrypted = true is_modded = false, chunk = {eebdd300-0000-0000-10da-616802000000}, start = 0xF17E1BB8, end = 0x140620FEE, offset = 0xF17E1BB8, size = 0x14C1A4280)
04:52:50.874067	INFO	[Legacy File Load Tracking] TryFindFile data/ui/fonts/Arial.ttf. Result = false. find_encrypted = true is_modded = false, chunk = {abcdeffd-effd-abcd-01ef-cdabfdefcdab}, start = 0xFBFAD43B9967, end = 0xEE575240, offset = 0x14D281D88, size = 0x26861D740)
04:52:50.880161	INFO	[Legacy File Load Tracking] TryFindFile data/ui/fonts/Times New Roman.ttf. Result = false. find_encrypted = true is_modded = false, chunk = {eebdd300-0000-0000-90c9-616802000000}, start = 0xF189FBE8, end = 0x140620FEE, offset = 0xF189FBE8, size = 0x14C1A4280)
04:52:50.881422	INFO	[Legacy File Load Tracking] TryFindFile data/ui/fonts/Times New Roman.ttf. Result = false. find_encrypted = true is_modded = false, chunk = {eebdd300-0000-0000-90c9-616802000000}, start = 0xF18A0C60, end = 0x140620FEE, offset = 0xF18A0C60, size = 0x14C1A4280)
04:52:50.884521	INFO	[Legacy File Load Tracking] TryFindFile data/ui/fonts/Times New Roman.ttf. Result = false. find_encrypted = true is_modded = false, chunk = {eebdd300-0000-0000-10cb-616802000000}, start = 0xF18D78E8, end = 0x140620FEE, offset = 0xF18D78E8, size = 0x14C1A4280)
04:52:50.885722	INFO	[Legacy File Load Tracking] TryFindFile data/ui/fonts/Times New Roman.ttf. Result = false. find_encrypted = true is_modded = false, chunk = {eebdd300-0000-0000-10cb-616802000000}, start = 0xF18D8148, end = 0x140620FEE, offset = 0xF18D8148, size = 0x14C1A4280)
04:52:50.887048	INFO	[Legacy File Load Tracking] TryFindFile data/ui/fonts/Times New Roman.ttf. Result = false. find_encrypted = true is_modded = false, chunk = {eebdd300-0000-0000-10cb-616802000000}, start = 0xF18D8CB0, end = 0x140620FEE, offset = 0xF18D8CB0, size = 0x14C1A4280)
04:52:50.888100	INFO	[Legacy File Load Tracking] TryFindFile data/ui/fonts/Times New Roman.ttf. Result = false. find_encrypted = true is_modded = false, chunk = {eebdd300-0000-0000-10cb-616802000000}, start = 0xF18D9510, end = 0x140620FEE, offset = 0xF18D9510, size = 0x14C1A4280)
04:52:50.889132	INFO	[Legacy File Load Tracking] TryFindFile data/ui/fonts/Times New Roman.ttf. Result = false. find_encrypted = true is_modded = false, chunk = {eebdd300-0000-0000-10cf-616802000000}, start = 0xF18D9E78, end = 0x140620FEE, offset = 0xF18D9E78, size = 0x14C1A4280)
04:52:50.890422	INFO	[Legacy File Load Tracking] TryFindFile data/ui/fonts/Times New Roman.ttf. Result = false. find_encrypted = true is_modded = false, chunk = {eebdd300-0000-0000-10cf-616802000000}, start = 0xF18DC540, end = 0x140620FEE, offset = 0xF18DC540, size = 0x14C1A4280)
04:52:50.904800	INFO	[Legacy File Load Tracking] LoadFile: data/ui/game/components/FluxComponents/ArchetypeCard.big. chunk = {b00ff6a6-8043-0f7a-1c08-08af31a8c4e1}, start = 0x00000000, end = 0x0012AF1B, offset = 0x00000000, size = 0x0076E108
04:52:50.906777	INFO	[Legacy File Load Tracking] LoadFile: data/ui/game/components/FluxComponents/ArchetypeCard.big. chunk = {b00ff6a6-8043-0f7a-1c08-08af31a8c4e1}, start = 0x00000000, end = 0x0012AF1B, offset = 0x00000000, size = 0x0076E108
04:52:50.909065	INFO	[Legacy File Load Tracking] LoadFile: data/ui/game/components/FluxComponents/ArchetypeCard.big. chunk = {b00ff6a6-8043-0f7a-1c08-08af31a8c4e1}, start = 0x00000000, end = 0x0012AF1B, offset = 0x00000000, size = 0x0076E108
04:52:50.912183	INFO	[Legacy File Load Tracking] LoadFile: data/ui/game/components/FluxComponents/ArchetypeCard.big. chunk = {b00ff6a6-8043-0f7a-1c08-08af31a8c4e1}, start = 0x00000000, end = 0x0012AF1B, offset = 0x00000000, size = 0x0076E108
04:52:50.914639	INFO	[Legacy File Load Tracking] LoadFile: data/ui/game/components/FluxComponents/ArchetypeCard.big. chunk = {b00ff6a6-8043-0f7a-1c08-08af31a8c4e1}, start = 0x00000000, end = 0x0012AF1B, offset = 0x00000000, size = 0x0076E108
04:52:50.917320	INFO	[Legacy File Load Tracking] LoadFile: data/ui/game/components/FluxComponents/ArchetypeCard.big. chunk = {b00ff6a6-8043-0f7a-1c08-08af31a8c4e1}, start = 0x00000000, end = 0x0012AF1B, offset = 0x00000000, size = 0x0076E108
04:52:50.929887	INFO	[Legacy File Load Tracking] LoadFile: data/ui/game/components/FluxComponents/ArchetypeCard.big. chunk = {b00ff6a6-8043-0f7a-1c08-08af31a8c4e1}, start = 0x00000000, end = 0x0012AF1B, offset = 0x00000000, size = 0x0076E108
04:52:50.941307	INFO	[Legacy File Load Tracking] LoadFile: data/ui/game/components/FluxComponents/ArchetypeCard.big. chunk = {b00ff6a6-8043-0f7a-1c08-08af31a8c4e1}, start = 0x00000000, end = 0x0012AF1B, offset = 0x00000000, size = 0x0076E108
04:52:50.944060	INFO	[Legacy File Load Tracking] LoadFile: data/ui/game/components/FluxComponents/ArchetypeCard.big. chunk = {b00ff6a6-8043-0f7a-1c08-08af31a8c4e1}, start = 0x00000000, end = 0x0012AF1B, offset = 0x00000000, size = 0x0076E108
04:52:50.952006	INFO	[Legacy File Load Tracking] LoadFile: data/ui/game/components/FluxComponents/ArchetypeCard.big. chunk = {b00ff6a6-8043-0f7a-1c08-08af31a8c4e1}, start = 0x00000000, end = 0x0012AF1B, offset = 0x00000000, size = 0x0076E108
04:52:50.955276	INFO	[Legacy File Load Tracking] LoadFile: data/ui/game/components/FluxComponents/ArchetypeCard.big. chunk = {b00ff6a6-8043-0f7a-1c08-08af31a8c4e1}, start = 0x00000000, end = 0x0012AF1B, offset = 0x00000000, size = 0x0076E108
04:52:50.958532	INFO	[Legacy File Load Tracking] LoadFile: data/ui/game/components/FluxComponents/ArchetypeCard.big. chunk = {b00ff6a6-8043-0f7a-1c08-08af31a8c4e1}, start = 0x00000000, end = 0x0012AF1B, offset = 0x00000000, size = 0x0076E108
04:52:50.962043	INFO	[Legacy File Load Tracking] LoadFile: data/ui/game/components/FluxComponents/ArchetypeCard.big. chunk = {b00ff6a6-8043-0f7a-1c08-08af31a8c4e1}, start = 0x00000000, end = 0x0012AF1B, offset = 0x00000000, size = 0x0076E108
04:52:50.965259	INFO	[Legacy File Load Tracking] LoadFile: data/ui/game/components/FluxComponents/ArchetypeCard.big. chunk = {b00ff6a6-8043-0f7a-1c08-08af31a8c4e1}, start = 0x00000000, end = 0x0012AF1B, offset = 0x00000000, size = 0x0076E108
04:52:51.000156	INFO	[Legacy File Load Tracking] LoadFile: data/ui/game/components/FluxComponents/ArchetypeCard.big. chunk = {b00ff6a6-8043-0f7a-1c08-08af31a8c4e1}, start = 0x00000000, end = 0x0012AF1B, offset = 0x00000000, size = 0x0076E108
04:52:51.004802	INFO	[Legacy File Load Tracking] TryFindFile data/ui/game/components/teamsheets/PlayerComparison.big. Result = true. find_encrypted = true is_modded = false, chunk = {ef0dbf6d-d0c5-cf78-1397-3648dd185315}, start = 0x00000000, end = 0x000033E7, offset = 0x00000000, size = 0x0000F9B8)
04:52:51.044416	INFO	[Legacy File Load Tracking] LoadFile: data/ui/game/components/teamsheets/PlayerComparison.big. chunk = {ef0dbf6d-d0c5-cf78-1397-3648dd185315}, start = 0x00000000, end = 0x000033E7, offset = 0x00000000, size = 0x0000F9B8
04:52:51.045626	INFO	[Legacy File Load Tracking] TryFindFile data/ui/game/components/FluxComponents/FluxScreenDimmer.big. Result = true. find_encrypted = true is_modded = false, chunk = {d681089e-f47c-8b4a-5dd2-f878091f122d}, start = 0x00000000, end = 0x000004C0, offset = 0x00000000, size = 0x00000F10)
04:52:51.046084	INFO	[Legacy File Load Tracking] LoadFile: data/ui/game/components/FluxComponents/FluxScreenDimmer.big. chunk = {d681089e-f47c-8b4a-5dd2-f878091f122d}, start = 0x00000000, end = 0x000004C0, offset = 0x00000000, size = 0x00000F10
04:52:51.047048	INFO	[Legacy File Load Tracking] TryFindFile data/ui/game/components/FluxComponents/UltraWideSideFades.big. Result = true. find_encrypted = true is_modded = false, chunk = {afa63eae-77b6-793d-aa38-d5a9e0bd8101}, start = 0x00000000, end = 0x0000077E, offset = 0x00000000, size = 0x00001890)
04:52:51.047508	INFO	[Legacy File Load Tracking] LoadFile: data/ui/game/components/FluxComponents/UltraWideSideFades.big. chunk = {afa63eae-77b6-793d-aa38-d5a9e0bd8101}, start = 0x00000000, end = 0x0000077E, offset = 0x00000000, size = 0x00001890
04:52:51.048496	INFO	[Legacy File Load Tracking] TryFindFile data/ui/game/components/FluxComponents/FluxLoyaltyRewardSmall.big. Result = true. find_encrypted = true is_modded = false, chunk = {9ed6fcf3-bc54-9f78-b7fe-2f3b9bf1005d}, start = 0x00000000, end = 0x0000EC12, offset = 0x00000000, size = 0x00073748)
04:52:51.048938	INFO	[Legacy File Load Tracking] LoadFile: data/ui/game/components/FluxComponents/FluxLoyaltyRewardSmall.big. chunk = {9ed6fcf3-bc54-9f78-b7fe-2f3b9bf1005d}, start = 0x00000000, end = 0x0000EC12, offset = 0x00000000, size = 0x00073748
04:52:51.050339	INFO	[Legacy File Load Tracking] TryFindFile data/ui/online/fw/Framework.big. Result = true. find_encrypted = true is_modded = false, chunk = {ca538e88-ccf9-a92d-712f-a71ec2c3bb4d}, start = 0x01348B1D, end = 0x01355ECC, offset = 0x0B07E913, size = 0x00001280)
04:52:51.050899	INFO	[Legacy File Load Tracking] LoadFile: data/ui/online/fw/Framework.big. chunk = {ca538e88-ccf9-a92d-712f-a71ec2c3bb4d}, start = 0x01348B1D, end = 0x01355ECC, offset = 0x0B07E913, size = 0x00001280
04:52:51.051364	INFO	[Legacy File Load Tracking] TryFindFile data/ui/imgAssets/Controllers/Keyboard/Buttons/key_return.dds. Result = true. find_encrypted = true is_modded = false, chunk = {c22079ff-023c-7f30-4127-f9b82573ed6d}, start = 0x00000000, end = 0x000001A0, offset = 0x00000000, size = 0x00000700)
04:52:51.051719	INFO	[Legacy File Load Tracking] LoadFile: data/ui/imgAssets/Controllers/Keyboard/Buttons/key_return.dds. chunk = {c22079ff-023c-7f30-4127-f9b82573ed6d}, start = 0x00000000, end = 0x000001A0, offset = 0x00000000, size = 0x00000700
04:52:51.052678	INFO	[Legacy File Load Tracking] TryFindFile data/ui/imgAssets/Controllers/Keyboard/Buttons/key_esc.dds. Result = true. find_encrypted = true is_modded = false, chunk = {e5e076c9-28e9-ed2b-181e-bb50c272e48d}, start = 0x00000000, end = 0x000001F3, offset = 0x00000000, size = 0x00000700)
04:52:51.053091	INFO	[Legacy File Load Tracking] LoadFile: data/ui/imgAssets/Controllers/Keyboard/Buttons/key_esc.dds. chunk = {e5e076c9-28e9-ed2b-181e-bb50c272e48d}, start = 0x00000000, end = 0x000001F3, offset = 0x00000000, size = 0x00000700
04:52:51.054111	INFO	[Legacy File Load Tracking] TryFindFile data/ui/imgAssets/Controllers/Keyboard/Buttons/key_blank.dds. Result = true. find_encrypted = true is_modded = false, chunk = {ece1ce25-1704-ca97-89f2-226423420041}, start = 0x00000000, end = 0x00000121, offset = 0x00000000, size = 0x00000480)
04:52:51.054621	INFO	[Legacy File Load Tracking] LoadFile: data/ui/imgAssets/Controllers/Keyboard/Buttons/key_blank.dds. chunk = {ece1ce25-1704-ca97-89f2-226423420041}, start = 0x00000000, end = 0x00000121, offset = 0x00000000, size = 0x00000480
04:52:51.055903	INFO	[Legacy File Load Tracking] TryFindFile data/ui/imgAssets/Controllers/Keyboard/Buttons/Arrow.dds. Result = false. find_encrypted = true is_modded = false, chunk = {ece1ce25-1704-ca97-89f2-226423420041}, start = 0x00000000, end = 0x00000121, offset = 0x3501BF80, size = 0x00CC2FA0)
04:52:51.056678	INFO	[Legacy File Load Tracking] TryFindFile data/ui/imgAssets/Controllers/Keyboard/Buttons/key_num.dds. Result = true. find_encrypted = true is_modded = false, chunk = {1f71e05e-8287-1aed-46c2-87ddae06961d}, start = 0x00000000, end = 0x00000214, offset = 0x00000000, size = 0x00000800)
04:52:51.057089	INFO	[Legacy File Load Tracking] LoadFile: data/ui/imgAssets/Controllers/Keyboard/Buttons/key_num.dds. chunk = {1f71e05e-8287-1aed-46c2-87ddae06961d}, start = 0x00000000, end = 0x00000214, offset = 0x00000000, size = 0x00000800
04:52:51.058582	INFO	[Legacy File Load Tracking] TryFindFile data/ui/imgAssets/Controllers/Keyboard/mouse.dds. Result = true. find_encrypted = true is_modded = false, chunk = {2c6f7ae4-53be-ccf6-1577-ce1a66df04a1}, start = 0x00000000, end = 0x00000712, offset = 0x00000000, size = 0x00010080)
04:52:51.059002	INFO	[Legacy File Load Tracking] LoadFile: data/ui/imgAssets/Controllers/Keyboard/mouse.dds. chunk = {2c6f7ae4-53be-ccf6-1577-ce1a66df04a1}, start = 0x00000000, end = 0x00000712, offset = 0x00000000, size = 0x00010080
04:52:51.059964	INFO	[Legacy File Load Tracking] TryFindFile data/ui/imgAssets/Controllers/Keyboard/Buttons/key_space.dds. Result = true. find_encrypted = true is_modded = false, chunk = {a8b173ff-d967-0d5f-8347-000a31dccbb1}, start = 0x00000000, end = 0x000002AB, offset = 0x00000000, size = 0x00000A00)
04:52:51.060356	INFO	[Legacy File Load Tracking] LoadFile: data/ui/imgAssets/Controllers/Keyboard/Buttons/key_space.dds. chunk = {a8b173ff-d967-0d5f-8347-000a31dccbb1}, start = 0x00000000, end = 0x000002AB, offset = 0x00000000, size = 0x00000A00
04:52:51.061405	INFO	[Legacy File Load Tracking] TryFindFile data/ui/imgAssets/components/Arrow/Arrow_Small.dds. Result = true. find_encrypted = true is_modded = false, chunk = {8fdfbf0d-4894-7c54-a361-7aa162733455}, start = 0x00000000, end = 0x00000095, offset = 0x00000000, size = 0x00000180)
04:52:51.061974	INFO	[Legacy File Load Tracking] LoadFile: data/ui/imgAssets/components/Arrow/Arrow_Small.dds. chunk = {8fdfbf0d-4894-7c54-a361-7aa162733455}, start = 0x00000000, end = 0x00000095, offset = 0x00000000, size = 0x00000180
04:52:51.062947	INFO	[Legacy File Load Tracking] TryFindFile data/ui/imgAssets/components/Arrow/Arrow_Medium.dds. Result = true. find_encrypted = true is_modded = false, chunk = {453ce9a7-cfe8-7add-e755-6e3346d64a85}, start = 0x00000000, end = 0x000000A9, offset = 0x00000000, size = 0x00000480)
04:52:51.063304	INFO	[Legacy File Load Tracking] LoadFile: data/ui/imgAssets/components/Arrow/Arrow_Medium.dds. chunk = {453ce9a7-cfe8-7add-e755-6e3346d64a85}, start = 0x00000000, end = 0x000000A9, offset = 0x00000000, size = 0x00000480
04:52:51.064159	INFO	[Legacy File Load Tracking] TryFindFile data/ui/imgAssets/components/Selection/selection_asset.dds. Result = true. find_encrypted = true is_modded = false, chunk = {b423004a-3496-17a6-d4db-fcfb21075511}, start = 0x00000000, end = 0x00000122, offset = 0x00000000, size = 0x000003B0)
04:52:51.064592	INFO	[Legacy File Load Tracking] LoadFile: data/ui/imgAssets/components/Selection/selection_asset.dds. chunk = {b423004a-3496-17a6-d4db-fcfb21075511}, start = 0x00000000, end = 0x00000122, offset = 0x00000000, size = 0x000003B0
04:52:51.065478	INFO	[Legacy File Load Tracking] TryFindFile data/ui/game/components/TeamPitch.big. Result = true. find_encrypted = true is_modded = false, chunk = {3030cb30-0a30-2d7a-9ddb-c19c1e1f8a41}, start = 0x00000000, end = 0x00014F86, offset = 0x00000000, size = 0x005C5070)
04:52:51.065841	INFO	[Legacy File Load Tracking] LoadFile: data/ui/game/components/TeamPitch.big. chunk = {3030cb30-0a30-2d7a-9ddb-c19c1e1f8a41}, start = 0x00000000, end = 0x00014F86, offset = 0x00000000, size = 0x005C5070
04:52:51.067042	INFO	[Legacy File Load Tracking] LoadFile: data/ui/game/components/TeamPitch.big. chunk = {3030cb30-0a30-2d7a-9ddb-c19c1e1f8a41}, start = 0x00000000, end = 0x00014F86, offset = 0x00000000, size = 0x005C5070
04:52:51.067918	INFO	[Legacy File Load Tracking] LoadFile: data/ui/game/components/TeamPitch.big. chunk = {3030cb30-0a30-2d7a-9ddb-c19c1e1f8a41}, start = 0x00000000, end = 0x00014F86, offset = 0x00000000, size = 0x005C5070
04:52:51.073101	INFO	[Legacy File Load Tracking] LoadFile: data/ui/game/components/TeamPitch.big. chunk = {3030cb30-0a30-2d7a-9ddb-c19c1e1f8a41}, start = 0x00000000, end = 0x00014F86, offset = 0x00000000, size = 0x005C5070
04:52:51.078582	INFO	[Legacy File Load Tracking] LoadFile: data/ui/game/components/TeamPitch.big. chunk = {3030cb30-0a30-2d7a-9ddb-c19c1e1f8a41}, start = 0x00000000, end = 0x00014F86, offset = 0x00000000, size = 0x005C5070
04:52:51.079676	INFO	[Legacy File Load Tracking] LoadFile: data/ui/game/components/TeamPitch.big. chunk = {3030cb30-0a30-2d7a-9ddb-c19c1e1f8a41}, start = 0x00000000, end = 0x00014F86, offset = 0x00000000, size = 0x005C5070
04:52:51.085626	INFO	[Legacy File Load Tracking] LoadFile: data/ui/game/components/TeamPitch.big. chunk = {3030cb30-0a30-2d7a-9ddb-c19c1e1f8a41}, start = 0x00000000, end = 0x00014F86, offset = 0x00000000, size = 0x005C5070
04:52:51.087175	INFO	[Legacy File Load Tracking] LoadFile: data/ui/game/components/TeamPitch.big. chunk = {3030cb30-0a30-2d7a-9ddb-c19c1e1f8a41}, start = 0x00000000, end = 0x00014F86, offset = 0x00000000, size = 0x005C5070
04:52:51.088697	INFO	[Legacy File Load Tracking] LoadFile: data/ui/game/components/TeamPitch.big. chunk = {3030cb30-0a30-2d7a-9ddb-c19c1e1f8a41}, start = 0x00000000, end = 0x00014F86, offset = 0x00000000, size = 0x005C5070
04:52:51.094681	INFO	[Legacy File Load Tracking] LoadFile: data/ui/game/components/TeamPitch.big. chunk = {3030cb30-0a30-2d7a-9ddb-c19c1e1f8a41}, start = 0x00000000, end = 0x00014F86, offset = 0x00000000, size = 0x005C5070
04:52:51.095758	INFO	[Legacy File Load Tracking] LoadFile: data/ui/game/components/TeamPitch.big. chunk = {3030cb30-0a30-2d7a-9ddb-c19c1e1f8a41}, start = 0x00000000, end = 0x00014F86, offset = 0x00000000, size = 0x005C5070
04:52:51.097074	INFO	[Legacy File Load Tracking] LoadFile: data/ui/game/components/TeamPitch.big. chunk = {3030cb30-0a30-2d7a-9ddb-c19c1e1f8a41}, start = 0x00000000, end = 0x00014F86, offset = 0x00000000, size = 0x005C5070
04:52:51.098213	INFO	[Legacy File Load Tracking] LoadFile: data/ui/game/components/TeamPitch.big. chunk = {3030cb30-0a30-2d7a-9ddb-c19c1e1f8a41}, start = 0x00000000, end = 0x00014F86, offset = 0x00000000, size = 0x005C5070
04:52:51.103718	INFO	[Legacy File Load Tracking] LoadFile: data/ui/game/components/TeamPitch.big. chunk = {3030cb30-0a30-2d7a-9ddb-c19c1e1f8a41}, start = 0x00000000, end = 0x00014F86, offset = 0x00000000, size = 0x005C5070
04:52:51.105195	INFO	[Legacy File Load Tracking] TryFindFile data/ui/game/components/FluxComponents/NotificationIcon.big. Result = true. find_encrypted = true is_modded = false, chunk = {dd9dcec7-aa96-0b83-6559-a26aa147fc6d}, start = 0x0190BE10, end = 0x01933B6B, offset = 0x027AE57E, size = 0x0000A5A8)
04:52:51.105904	INFO	[Legacy File Load Tracking] LoadFile: data/ui/game/components/FluxComponents/NotificationIcon.big. chunk = {dd9dcec7-aa96-0b83-6559-a26aa147fc6d}, start = 0x0190BE10, end = 0x01933B6B, offset = 0x027AE57E, size = 0x0000A5A8
04:52:51.106482	INFO	[Legacy File Load Tracking] TryFindFile data/ui/game/components/FluxBreadCrumbs.big. Result = true. find_encrypted = true is_modded = false, chunk = {3ec62401-2dd0-bd89-4ec2-1cdfd1b55e2d}, start = 0x01822AFE, end = 0x0184761C, offset = 0x027EB849, size = 0x000043F0)
04:52:51.107235	INFO	[Legacy File Load Tracking] LoadFile: data/ui/game/components/FluxBreadCrumbs.big. chunk = {3ec62401-2dd0-bd89-4ec2-1cdfd1b55e2d}, start = 0x01822AFE, end = 0x0184761C, offset = 0x027EB849, size = 0x000043F0
04:52:51.107870	INFO	[Legacy File Load Tracking] TryFindFile data/ui/game/components/online/CustomKit.big. Result = true. find_encrypted = true is_modded = false, chunk = {e49b9e68-877d-a211-94db-607f30d31199}, start = 0x00B4B4BC, end = 0x00B767C3, offset = 0x011D781A, size = 0x00000470)
04:52:51.108344	INFO	[Legacy File Load Tracking] LoadFile: data/ui/game/components/online/CustomKit.big. chunk = {e49b9e68-877d-a211-94db-607f30d31199}, start = 0x00B4B4BC, end = 0x00B767C3, offset = 0x011D781A, size = 0x00000470
04:52:51.108888	INFO	[Legacy File Load Tracking] TryFindFile data/ui/game/components/FluxComponents/online/PlatformIcon.big. Result = true. find_encrypted = true is_modded = false, chunk = {833eaf69-28bb-e352-bfeb-e6f3c8abb2cd}, start = 0x00000000, end = 0x000009AE, offset = 0x00000000, size = 0x00002400)
04:52:51.109390	INFO	[Legacy File Load Tracking] LoadFile: data/ui/game/components/FluxComponents/online/PlatformIcon.big. chunk = {833eaf69-28bb-e352-bfeb-e6f3c8abb2cd}, start = 0x00000000, end = 0x000009AE, offset = 0x00000000, size = 0x00002400
04:52:51.110816	INFO	[Legacy File Load Tracking] TryFindFile data/ui/imgAssets/Controllers/arrow.dds. Result = true. find_encrypted = true is_modded = false, chunk = {812b8756-cb3d-a9e4-04d0-a00b9559b2f5}, start = 0x00000000, end = 0x000000CE, offset = 0x00000000, size = 0x00000180)
04:52:51.111362	INFO	[Legacy File Load Tracking] LoadFile: data/ui/imgAssets/Controllers/arrow.dds. chunk = {812b8756-cb3d-a9e4-04d0-a00b9559b2f5}, start = 0x00000000, end = 0x000000CE, offset = 0x00000000, size = 0x00000180
04:52:51.115465	INFO	[Legacy File Load Tracking] TryFindFile data/ui/game/components/StatBox.big. Result = true. find_encrypted = true is_modded = false, chunk = {ab536328-57d4-561d-9728-3f1bedf8aac9}, start = 0x00000000, end = 0x00000E40, offset = 0x00000000, size = 0x00003918)
04:52:51.116056	INFO	[Legacy File Load Tracking] LoadFile: data/ui/game/components/StatBox.big. chunk = {ab536328-57d4-561d-9728-3f1bedf8aac9}, start = 0x00000000, end = 0x00000E40, offset = 0x00000000, size = 0x00003918
04:52:51.130073	INFO	[Legacy File Load Tracking] TryFindFile data/ui/online/custom/Framework.big. Result = true. find_encrypted = true is_modded = false, chunk = {ca538e88-ccf9-a92d-712f-a71ec2c3bb4d}, start = 0x0080426B, end = 0x0081248E, offset = 0x0393AC77, size = 0x00002708)
04:52:51.130583	INFO	[Legacy File Load Tracking] LoadFile: data/ui/online/custom/Framework.big. chunk = {ca538e88-ccf9-a92d-712f-a71ec2c3bb4d}, start = 0x0080426B, end = 0x0081248E, offset = 0x0393AC77, size = 0x00002708
04:52:51.135300	INFO	[Legacy File Load Tracking] TryFindFile data/ui/fonts/Times New Roman.ttf. Result = false. find_encrypted = true is_modded = false, chunk = {eebdd300-0000-0000-90d2-616802000000}, start = 0xF1AFE850, end = 0x140620FEE, offset = 0xF1AFE850, size = 0x14C1A4280)
04:52:51.136431	INFO	[Legacy File Load Tracking] TryFindFile data/ui/fonts/Times New Roman.ttf. Result = false. find_encrypted = true is_modded = false, chunk = {eebdd300-0000-0000-90d2-616802000000}, start = 0xF1AFF0B0, end = 0x140620FEE, offset = 0xF1AFF0B0, size = 0x14C1A4280)
04:52:51.137874	INFO	[Legacy File Load Tracking] TryFindFile data/ui/fonts/Times New Roman.ttf. Result = false. find_encrypted = true is_modded = false, chunk = {eebdd300-0000-0000-90d2-616802000000}, start = 0xF1AFFC18, end = 0x140620FEE, offset = 0xF1AFFC18, size = 0x14C1A4280)
04:52:51.139375	INFO	[Legacy File Load Tracking] TryFindFile data/ui/fonts/Times New Roman.ttf. Result = false. find_encrypted = true is_modded = false, chunk = {eebdd300-0000-0000-90d2-616802000000}, start = 0xF1B00478, end = 0x140620FEE, offset = 0xF1B00478, size = 0x14C1A4280)
04:52:51.140507	INFO	[Legacy File Load Tracking] TryFindFile data/ui/fonts/Times New Roman.ttf. Result = false. find_encrypted = true is_modded = false, chunk = {eebdd300-0000-0000-90d6-616802000000}, start = 0xF1B00DE0, end = 0x140620FEE, offset = 0xF1B00DE0, size = 0x14C1A4280)
04:52:51.141682	INFO	[Legacy File Load Tracking] TryFindFile data/ui/fonts/Times New Roman.ttf. Result = false. find_encrypted = true is_modded = false, chunk = {eebdd300-0000-0000-90d6-616802000000}, start = 0xF1B034A8, end = 0x140620FEE, offset = 0xF1B034A8, size = 0x14C1A4280)
04:52:51.142403	INFO	[Legacy File Load Tracking] TryFindFile data/ui/fonts/Times New Roman.ttf. Result = false. find_encrypted = true is_modded = false, chunk = {eebdd300-0000-0000-d0d6-616802000000}, start = 0xF1B05F38, end = 0x140620FEE, offset = 0xF1B05F38, size = 0x14C1A4280)
04:52:51.142975	INFO	[Legacy File Load Tracking] TryFindFile data/ui/fonts/Times New Roman.ttf. Result = false. find_encrypted = true is_modded = false, chunk = {eebdd300-0000-0000-d0d6-616802000000}, start = 0xF1B06798, end = 0x140620FEE, offset = 0xF1B06798, size = 0x14C1A4280)
04:52:51.143622	INFO	[Legacy File Load Tracking] TryFindFile data/ui/fonts/Times New Roman.ttf. Result = false. find_encrypted = true is_modded = false, chunk = {eebdd300-0000-0000-90d6-616802000000}, start = 0xF1B077D0, end = 0x140620FEE, offset = 0xF1B077D0, size = 0x14C1A4280)
04:52:51.144450	INFO	[Legacy File Load Tracking] TryFindFile data/ui/fonts/Times New Roman.ttf. Result = false. find_encrypted = true is_modded = false, chunk = {eebdd300-0000-0000-90d6-616802000000}, start = 0xF1B08030, end = 0x140620FEE, offset = 0xF1B08030, size = 0x14C1A4280)
04:52:51.148306	INFO	[Legacy File Load Tracking] TryFindFile data/ui/fonts/Times New Roman.ttf. Result = false. find_encrypted = true is_modded = false, chunk = {eebdd300-0000-0000-90c9-616802000000}, start = 0xF1B43D40, end = 0x140620FEE, offset = 0xF1B43D40, size = 0x14C1A4280)
04:52:51.149390	INFO	[Legacy File Load Tracking] TryFindFile data/ui/fonts/Times New Roman.ttf. Result = false. find_encrypted = true is_modded = false, chunk = {eebdd300-0000-0000-90c9-616802000000}, start = 0xF1B44DB8, end = 0x140620FEE, offset = 0xF1B44DB8, size = 0x14C1A4280)
04:52:51.152521	INFO	[Legacy File Load Tracking] TryFindFile data/ui/fonts/Times New Roman.ttf. Result = false. find_encrypted = true is_modded = false, chunk = {eebdd300-0000-0000-10cb-616802000000}, start = 0xF1B4DEB8, end = 0x140620FEE, offset = 0xF1B4DEB8, size = 0x14C1A4280)
04:52:51.153576	INFO	[Legacy File Load Tracking] TryFindFile data/ui/fonts/Times New Roman.ttf. Result = false. find_encrypted = true is_modded = false, chunk = {eebdd300-0000-0000-10cb-616802000000}, start = 0xF1B4E718, end = 0x140620FEE, offset = 0xF1B4E718, size = 0x14C1A4280)
04:52:51.154799	INFO	[Legacy File Load Tracking] TryFindFile data/ui/fonts/Times New Roman.ttf. Result = false. find_encrypted = true is_modded = false, chunk = {eebdd300-0000-0000-10cb-616802000000}, start = 0xF1B4F280, end = 0x140620FEE, offset = 0xF1B4F280, size = 0x14C1A4280)
04:52:51.155885	INFO	[Legacy File Load Tracking] TryFindFile data/ui/fonts/Times New Roman.ttf. Result = false. find_encrypted = true is_modded = false, chunk = {eebdd300-0000-0000-10cb-616802000000}, start = 0xF1B4FAE0, end = 0x140620FEE, offset = 0xF1B4FAE0, size = 0x14C1A4280)
04:52:51.156820	INFO	[Legacy File Load Tracking] TryFindFile data/ui/fonts/Times New Roman.ttf. Result = false. find_encrypted = true is_modded = false, chunk = {eebdd300-0000-0000-10cf-616802000000}, start = 0xF1B50448, end = 0x140620FEE, offset = 0xF1B50448, size = 0x14C1A4280)
04:52:51.158073	INFO	[Legacy File Load Tracking] TryFindFile data/ui/fonts/Times New Roman.ttf. Result = false. find_encrypted = true is_modded = false, chunk = {eebdd300-0000-0000-10cf-616802000000}, start = 0xF1B52B10, end = 0x140620FEE, offset = 0xF1B52B10, size = 0x14C1A4280)
04:52:51.162096	INFO	[Legacy File Load Tracking] TryFindFile data/ui/fonts/Times New Roman.ttf. Result = false. find_encrypted = true is_modded = false, chunk = {eebdd300-0000-0000-10c6-616802000000}, start = 0xF1BACD58, end = 0x140620FEE, offset = 0xF1BACD58, size = 0x14C1A4280)
04:52:51.163066	INFO	[Legacy File Load Tracking] TryFindFile data/ui/fonts/Times New Roman.ttf. Result = false. find_encrypted = true is_modded = false, chunk = {eebdd300-0000-0000-10c6-616802000000}, start = 0xF1BADDD0, end = 0x140620FEE, offset = 0xF1BADDD0, size = 0x14C1A4280)
04:52:51.165796	INFO	[Legacy File Load Tracking] TryFindFile data/ui/fonts/Times New Roman.ttf. Result = false. find_encrypted = true is_modded = false, chunk = {eebdd300-0000-0000-90c7-616802000000}, start = 0xF1BB6ED0, end = 0x140620FEE, offset = 0xF1BB6ED0, size = 0x14C1A4280)
04:52:51.166902	INFO	[Legacy File Load Tracking] TryFindFile data/ui/fonts/Times New Roman.ttf. Result = false. find_encrypted = true is_modded = false, chunk = {eebdd300-0000-0000-90c7-616802000000}, start = 0xF1BB7730, end = 0x140620FEE, offset = 0xF1BB7730, size = 0x14C1A4280)
04:52:51.168334	INFO	[Legacy File Load Tracking] TryFindFile data/ui/fonts/Times New Roman.ttf. Result = false. find_encrypted = true is_modded = false, chunk = {eebdd300-0000-0000-90c7-616802000000}, start = 0xF1BB8298, end = 0x140620FEE, offset = 0xF1BB8298, size = 0x14C1A4280)
04:52:51.169435	INFO	[Legacy File Load Tracking] TryFindFile data/ui/fonts/Times New Roman.ttf. Result = false. find_encrypted = true is_modded = false, chunk = {eebdd300-0000-0000-90c7-616802000000}, start = 0xF1BB8AF8, end = 0x140620FEE, offset = 0xF1BB8AF8, size = 0x14C1A4280)
04:52:51.170433	INFO	[Legacy File Load Tracking] TryFindFile data/ui/fonts/Times New Roman.ttf. Result = false. find_encrypted = true is_modded = false, chunk = {eebdd300-0000-0000-90cb-616802000000}, start = 0xF1BB9460, end = 0x140620FEE, offset = 0xF1BB9460, size = 0x14C1A4280)
04:52:51.172235	INFO	[Legacy File Load Tracking] TryFindFile data/ui/fonts/Times New Roman.ttf. Result = false. find_encrypted = true is_modded = false, chunk = {eebdd300-0000-0000-90cb-616802000000}, start = 0xF1BBBB28, end = 0x140620FEE, offset = 0xF1BBBB28, size = 0x14C1A4280)
04:52:51.173527	INFO	[Legacy File Load Tracking] TryFindFile data/ui/fonts/Times New Roman.ttf. Result = false. find_encrypted = true is_modded = false, chunk = {eebdd300-0000-0000-50d3-616802000000}, start = 0xF1BBE7E8, end = 0x140620FEE, offset = 0xF1BBE7E8, size = 0x14C1A4280)
04:52:51.174151	INFO	[Legacy File Load Tracking] TryFindFile data/ui/fonts/Times New Roman.ttf. Result = false. find_encrypted = true is_modded = false, chunk = {eebdd300-0000-0000-50d3-616802000000}, start = 0xF1BBF048, end = 0x140620FEE, offset = 0xF1BBF048, size = 0x14C1A4280)
04:52:51.174854	INFO	[Legacy File Load Tracking] TryFindFile data/ui/fonts/Times New Roman.ttf. Result = false. find_encrypted = true is_modded = false, chunk = {eebdd300-0000-0000-10d3-616802000000}, start = 0xF1BC0080, end = 0x140620FEE, offset = 0xF1BC0080, size = 0x14C1A4280)
04:52:51.175428	INFO	[Legacy File Load Tracking] TryFindFile data/ui/fonts/Times New Roman.ttf. Result = false. find_encrypted = true is_modded = false, chunk = {eebdd300-0000-0000-10d3-616802000000}, start = 0xF1BC08E0, end = 0x140620FEE, offset = 0xF1BC08E0, size = 0x14C1A4280)
04:52:51.179053	INFO	[Legacy File Load Tracking] TryFindFile data/ui/fonts/Times New Roman.ttf. Result = false. find_encrypted = true is_modded = false, chunk = {eebdd300-0000-0000-10c6-616802000000}, start = 0xF1BFE6B0, end = 0x140620FEE, offset = 0xF1BFE6B0, size = 0x14C1A4280)
04:52:51.180104	INFO	[Legacy File Load Tracking] TryFindFile data/ui/fonts/Times New Roman.ttf. Result = false. find_encrypted = true is_modded = false, chunk = {eebdd300-0000-0000-10c6-616802000000}, start = 0xF1BFF728, end = 0x140620FEE, offset = 0xF1BFF728, size = 0x14C1A4280)
04:52:51.182792	INFO	[Legacy File Load Tracking] TryFindFile data/ui/fonts/Times New Roman.ttf. Result = false. find_encrypted = true is_modded = false, chunk = {eebdd300-0000-0000-90c7-616802000000}, start = 0xF1C08828, end = 0x140620FEE, offset = 0xF1C08828, size = 0x14C1A4280)
04:52:51.184043	INFO	[Legacy File Load Tracking] TryFindFile data/ui/fonts/Times New Roman.ttf. Result = false. find_encrypted = true is_modded = false, chunk = {eebdd300-0000-0000-90c7-616802000000}, start = 0xF1C09088, end = 0x140620FEE, offset = 0xF1C09088, size = 0x14C1A4280)
04:52:51.184881	INFO	[Legacy File Load Tracking] TryFindFile data/ui/fonts/Times New Roman.ttf. Result = false. find_encrypted = true is_modded = false, chunk = {eebdd300-0000-0000-90c7-616802000000}, start = 0xF1C09BF0, end = 0x140620FEE, offset = 0xF1C09BF0, size = 0x14C1A4280)
04:52:51.185486	INFO	[Legacy File Load Tracking] TryFindFile data/ui/fonts/Times New Roman.ttf. Result = false. find_encrypted = true is_modded = false, chunk = {eebdd300-0000-0000-90c7-616802000000}, start = 0xF1C0A450, end = 0x140620FEE, offset = 0xF1C0A450, size = 0x14C1A4280)
04:52:51.186562	INFO	[Legacy File Load Tracking] TryFindFile data/ui/fonts/Times New Roman.ttf. Result = false. find_encrypted = true is_modded = false, chunk = {eebdd300-0000-0000-90cb-616802000000}, start = 0xF1C0ADB8, end = 0x140620FEE, offset = 0xF1C0ADB8, size = 0x14C1A4280)
04:52:51.188144	INFO	[Legacy File Load Tracking] TryFindFile data/ui/fonts/Times New Roman.ttf. Result = false. find_encrypted = true is_modded = false, chunk = {eebdd300-0000-0000-90cb-616802000000}, start = 0xF1C56938, end = 0x140620FEE, offset = 0xF1C56938, size = 0x14C1A4280)
04:52:51.192373	INFO	[Legacy File Load Tracking] TryFindFile data/ui/fonts/Arial.ttf. Result = false. find_encrypted = true is_modded = false, chunk = {6861d398-0002-0000-0800-000000000000}, start = 0xFBFAD43B9627, end = 0x140620FEE, offset = 0xEEC99BE0, size = 0x26861D400)
04:52:51.200276	INFO	[Legacy File Load Tracking] TryFindFile data/ui/fonts/Times New Roman.ttf. Result = false. find_encrypted = true is_modded = false, chunk = {eebdd300-0000-0000-10cf-616802000000}, start = 0xF1D24320, end = 0x140620FEE, offset = 0xF1D24320, size = 0x14C1A4280)
04:52:51.201261	INFO	[Legacy File Load Tracking] TryFindFile data/ui/fonts/Times New Roman.ttf. Result = false. find_encrypted = true is_modded = false, chunk = {eebdd300-0000-0000-10cf-616802000000}, start = 0xF1D24B80, end = 0x140620FEE, offset = 0xF1D24B80, size = 0x14C1A4280)
04:52:51.202116	INFO	[Legacy File Load Tracking] TryFindFile data/ui/fonts/Times New Roman.ttf. Result = false. find_encrypted = true is_modded = false, chunk = {eebdd300-0000-0000-10cf-616802000000}, start = 0xF1D256E8, end = 0x140620FEE, offset = 0xF1D256E8, size = 0x14C1A4280)
04:52:51.203078	INFO	[Legacy File Load Tracking] TryFindFile data/ui/fonts/Times New Roman.ttf. Result = false. find_encrypted = true is_modded = false, chunk = {eebdd300-0000-0000-10cf-616802000000}, start = 0xF1D25F48, end = 0x140620FEE, offset = 0xF1D25F48, size = 0x14C1A4280)
04:52:51.204308	INFO	[Legacy File Load Tracking] TryFindFile data/ui/fonts/Times New Roman.ttf. Result = false. find_encrypted = true is_modded = false, chunk = {eebdd300-0000-0000-10d3-616802000000}, start = 0xF1D268B0, end = 0x140620FEE, offset = 0xF1D268B0, size = 0x14C1A4280)
04:52:51.205740	INFO	[Legacy File Load Tracking] TryFindFile data/ui/fonts/Times New Roman.ttf. Result = false. find_encrypted = true is_modded = false, chunk = {eebdd300-0000-0000-10d3-616802000000}, start = 0xF1D70738, end = 0x140620FEE, offset = 0xF1D70738, size = 0x14C1A4280)
04:52:51.226160	INFO	[Legacy File Load Tracking] TryFindFile data/ui/imgAssets/fluxTab/TabBackground_Background.dds. Result = true. find_encrypted = true is_modded = false, chunk = {cfeb00ac-11cf-da41-37f9-7ed3a9414f41}, start = 0x00000000, end = 0x00000060, offset = 0x00000000, size = 0x00000130)
04:52:51.226588	INFO	[Legacy File Load Tracking] LoadFile: data/ui/imgAssets/fluxTab/TabBackground_Background.dds. chunk = {cfeb00ac-11cf-da41-37f9-7ed3a9414f41}, start = 0x00000000, end = 0x00000060, offset = 0x00000000, size = 0x00000130
04:52:51.227482	INFO	[Legacy File Load Tracking] TryFindFile data/ui/imgAssets/components/Graphs/ComparisonDiagramBg.dds. Result = true. find_encrypted = true is_modded = false, chunk = {3a271421-1de5-667a-e2f7-14fbd233a301}, start = 0x00000000, end = 0x00000DDF, offset = 0x00000000, size = 0x00010088)
04:52:51.227858	INFO	[Legacy File Load Tracking] LoadFile: data/ui/imgAssets/components/Graphs/ComparisonDiagramBg.dds. chunk = {3a271421-1de5-667a-e2f7-14fbd233a301}, start = 0x00000000, end = 0x00000DDF, offset = 0x00000000, size = 0x00010088
04:52:51.228683	INFO	[Legacy File Load Tracking] TryFindFile data/ui/imgAssets/cmScenarios/wide_screen_bg_left_gradient.dds. Result = true. find_encrypted = true is_modded = false, chunk = {eb1f8ab2-4abe-932f-ea3a-048623aae7fd}, start = 0x00000000, end = 0x000099B6, offset = 0x00000000, size = 0x0001E460)
04:52:51.229048	INFO	[Legacy File Load Tracking] LoadFile: data/ui/imgAssets/cmScenarios/wide_screen_bg_left_gradient.dds. chunk = {eb1f8ab2-4abe-932f-ea3a-048623aae7fd}, start = 0x00000000, end = 0x000099B6, offset = 0x00000000, size = 0x0001E460
04:52:51.230005	INFO	[Legacy File Load Tracking] TryFindFile data/ui/imgAssets/cmScenarios/wide_screen_bg_right_gradient.dds. Result = true. find_encrypted = true is_modded = false, chunk = {b88502c6-dadb-bff7-6724-06c5343c9125}, start = 0x00000000, end = 0x00007DB0, offset = 0x00000000, size = 0x0001C6C0)
04:52:51.230351	INFO	[Legacy File Load Tracking] LoadFile: data/ui/imgAssets/cmScenarios/wide_screen_bg_right_gradient.dds. chunk = {b88502c6-dadb-bff7-6724-06c5343c9125}, start = 0x00000000, end = 0x00007DB0, offset = 0x00000000, size = 0x0001C6C0
04:52:51.231469	INFO	[Legacy File Load Tracking] TryFindFile data/ui/imgAssets/components/rectangle.dds. Result = true. find_encrypted = true is_modded = false, chunk = {c3574e0a-6495-da3a-c31f-318484beb109}, start = 0x00000000, end = 0x00000045, offset = 0x00000000, size = 0x00000090)
04:52:51.231816	INFO	[Legacy File Load Tracking] LoadFile: data/ui/imgAssets/components/rectangle.dds. chunk = {c3574e0a-6495-da3a-c31f-318484beb109}, start = 0x00000000, end = 0x00000045, offset = 0x00000000, size = 0x00000090
04:52:51.244298	INFO	[Legacy File Load Tracking] TryFindFile data/ui/online/core/api/Framework.big. Result = true. find_encrypted = true is_modded = false, chunk = {ca538e88-ccf9-a92d-712f-a71ec2c3bb4d}, start = 0x0081B16D, end = 0x00837B64, offset = 0x039BE556, size = 0x00001F38)
04:52:51.244668	INFO	[Legacy File Load Tracking] LoadFile: data/ui/online/core/api/Framework.big. chunk = {ca538e88-ccf9-a92d-712f-a71ec2c3bb4d}, start = 0x0081B16D, end = 0x00837B64, offset = 0x039BE556, size = 0x00001F38
04:52:51.290375	INFO	[Legacy File Load Tracking] TryFindFile data/cranium/CraniumMaterialCompressionDictionary.dict. Result = true. find_encrypted = true is_modded = false, chunk = {772a9801-9c89-be41-752e-2eacad0d048d}, start = 0x004D0747, end = 0x004DADF8, offset = 0x013C7D8C, size = 0x00001E52)
04:52:51.290840	INFO	[Legacy File Load Tracking] LoadFile: data/cranium/CraniumMaterialCompressionDictionary.dict. chunk = {772a9801-9c89-be41-752e-2eacad0d048d}, start = 0x004D0747, end = 0x004DADF8, offset = 0x013C7D8C, size = 0x00001E52
04:52:51.348037	INFO	[Legacy File Load Tracking] TryFindFile data/security/pr/secret.json. Result = true. find_encrypted = true is_modded = false, chunk = {3ec62401-2dd0-bd89-4ec2-1cdfd1b55e2d}, start = 0x0174BA12, end = 0x01751831, offset = 0x026095DA, size = 0x000002D2)
04:52:51.348595	INFO	[Legacy File Load Tracking] LoadFile: data/security/pr/secret.json. chunk = {3ec62401-2dd0-bd89-4ec2-1cdfd1b55e2d}, start = 0x0174BA12, end = 0x01751831, offset = 0x026095DA, size = 0x000002D2
04:52:51.349163	INFO	[Legacy File Load Tracking] TryFindFile data/security/pr/utasbundle.json. Result = true. find_encrypted = true is_modded = false, chunk = {e49b9e68-877d-a211-94db-607f30d31199}, start = 0x01B37707, end = 0x01B5AE0F, offset = 0x0259D06D, size = 0x00000B73)
04:52:51.349584	INFO	[Legacy File Load Tracking] LoadFile: data/security/pr/utasbundle.json. chunk = {e49b9e68-877d-a211-94db-607f30d31199}, start = 0x01B37707, end = 0x01B5AE0F, offset = 0x0259D06D, size = 0x00000B73
04:52:51.350091	INFO	[Legacy File Load Tracking] TryFindFile data/security/pr/blazebundle.bin. Result = true. find_encrypted = true is_modded = false, chunk = {e49b9e68-877d-a211-94db-607f30d31199}, start = 0x01C37370, end = 0x01C64E2A, offset = 0x027FDAD0, size = 0x00001564)
04:52:51.350452	INFO	[Legacy File Load Tracking] LoadFile: data/security/pr/blazebundle.bin. chunk = {e49b9e68-877d-a211-94db-607f30d31199}, start = 0x01C37370, end = 0x01C64E2A, offset = 0x027FDAD0, size = 0x00001564
04:52:51.352947	INFO	[Legacy File Load Tracking] TryFindFile data/build/included_scus.csv. Result = true. find_encrypted = true is_modded = false, chunk = {e49b9e68-877d-a211-94db-607f30d31199}, start = 0x01C37370, end = 0x01C64E2A, offset = 0x027FFFDC, size = 0x0000000B)
04:52:51.353490	INFO	[Legacy File Load Tracking] LoadFile: data/build/included_scus.csv. chunk = {e49b9e68-877d-a211-94db-607f30d31199}, start = 0x01C37370, end = 0x01C64E2A, offset = 0x027FFFDC, size = 0x0000000B
04:52:51.355782	INFO	[Legacy File Load Tracking] TryFindFile data/ui/online/core/census/Framework.big. Result = true. find_encrypted = true is_modded = false, chunk = {ca538e88-ccf9-a92d-712f-a71ec2c3bb4d}, start = 0x012377D2, end = 0x0124342F, offset = 0x0A3F73B4, size = 0x00002028)
04:52:51.356311	INFO	[Legacy File Load Tracking] LoadFile: data/ui/online/core/census/Framework.big. chunk = {ca538e88-ccf9-a92d-712f-a71ec2c3bb4d}, start = 0x012377D2, end = 0x0124342F, offset = 0x0A3F73B4, size = 0x00002028
04:52:51.356909	INFO	[Legacy File Load Tracking] TryFindFile data/ui/game/screens/saveload_pc/bootload.big. Result = true. find_encrypted = true is_modded = false, chunk = {db85847f-e18d-9c4c-45c7-643308cb2bed}, start = 0x00000000, end = 0x000013F9, offset = 0x00000000, size = 0x00004F58)
04:52:51.357304	INFO	[Legacy File Load Tracking] LoadFile: data/ui/game/screens/saveload_pc/bootload.big. chunk = {db85847f-e18d-9c4c-45c7-643308cb2bed}, start = 0x00000000, end = 0x000013F9, offset = 0x00000000, size = 0x00004F58
04:52:51.375246	INFO	[Legacy File Load Tracking] TryFindFile data/ui/fonts/Times New Roman.ttf. Result = false. find_encrypted = true is_modded = false, chunk = {eebdd300-0000-0000-60cf-616802000000}, start = 0xF1D825F8, end = 0x140620FEE, offset = 0xF1D825F8, size = 0x14C1A4280)
04:52:51.389591	INFO	[Legacy File Load Tracking] TryFindFile data/ui/external/ion_sports07/components/stdVirKB.big. Result = true. find_encrypted = true is_modded = false, chunk = {cd5f6034-ff83-939a-c705-11e83d1860ad}, start = 0x00000000, end = 0x00005220, offset = 0x00000000, size = 0x00038908)
04:52:51.390004	INFO	[Legacy File Load Tracking] LoadFile: data/ui/external/ion_sports07/components/stdVirKB.big. chunk = {cd5f6034-ff83-939a-c705-11e83d1860ad}, start = 0x00000000, end = 0x00005220, offset = 0x00000000, size = 0x00038908
04:52:51.406708	INFO	[Legacy File Load Tracking] TryFindFile data/ui/online/core/roster/Framework.big. Result = true. find_encrypted = true is_modded = false, chunk = {ca538e88-ccf9-a92d-712f-a71ec2c3bb4d}, start = 0x008ECB3C, end = 0x008F77E1, offset = 0x0402406F, size = 0x00004660)
04:52:51.407183	INFO	[Legacy File Load Tracking] LoadFile: data/ui/online/core/roster/Framework.big. chunk = {ca538e88-ccf9-a92d-712f-a71ec2c3bb4d}, start = 0x008ECB3C, end = 0x008F77E1, offset = 0x0402406F, size = 0x00004660
04:52:51.407258	INFO	[Legacy File Load Tracking] TryFindFile data/ui/fonts/Times New Roman.ttf. Result = false. find_encrypted = true is_modded = false, chunk = {eebdd300-0000-0000-50da-616802000000}, start = 0xF1D82CD0, end = 0x140620FEE, offset = 0xF1D82CD0, size = 0x14C1A4280)
04:52:51.408853	INFO	[Legacy File Load Tracking] TryFindFile data/ui/fonts/Times New Roman.ttf. Result = false. find_encrypted = true is_modded = false, chunk = {eebdd300-0000-0000-50da-616802000000}, start = 0xF1D83268, end = 0x140620FEE, offset = 0xF1D83268, size = 0x14C1A4280)
04:52:51.409948	INFO	[Legacy File Load Tracking] TryFindFile data/ui/fonts/Times New Roman.ttf. Result = false. find_encrypted = true is_modded = false, chunk = {eebdd300-0000-0000-50da-616802000000}, start = 0xF1D83840, end = 0x140620FEE, offset = 0xF1D83840, size = 0x14C1A4280)
04:52:51.410688	INFO	[Legacy File Load Tracking] TryFindFile data/ui/fonts/Times New Roman.ttf. Result = false. find_encrypted = true is_modded = false, chunk = {eebdd300-0000-0000-50da-616802000000}, start = 0xF1D83B50, end = 0x140620FEE, offset = 0xF1D83B50, size = 0x14C1A4280)
04:52:51.411670	INFO	[Legacy File Load Tracking] TryFindFile data/ui/fonts/Times New Roman.ttf. Result = false. find_encrypted = true is_modded = false, chunk = {eebdd300-0000-0000-50da-616802000000}, start = 0xF1D83E60, end = 0x140620FEE, offset = 0xF1D83E60, size = 0x14C1A4280)
04:52:51.412923	INFO	[Legacy File Load Tracking] TryFindFile data/ui/fonts/Times New Roman.ttf. Result = false. find_encrypted = true is_modded = false, chunk = {eebdd300-0000-0000-50da-616802000000}, start = 0xF1D84170, end = 0x140620FEE, offset = 0xF1D84170, size = 0x14C1A4280)
04:52:51.413707	INFO	[Legacy File Load Tracking] TryFindFile data/ui/fonts/Times New Roman.ttf. Result = false. find_encrypted = true is_modded = false, chunk = {eebdd300-0000-0000-50da-616802000000}, start = 0xF1D84480, end = 0x140620FEE, offset = 0xF1D84480, size = 0x14C1A4280)
04:52:51.439940	INFO	[Legacy File Load Tracking] TryFindFile data/ui/fonts/Times New Roman.ttf. Result = false. find_encrypted = true is_modded = false, chunk = {eebdd300-0000-0000-60d1-616802000000}, start = 0xF21F6598, end = 0x140620FEE, offset = 0xF21F6598, size = 0x14C1A4280)
04:52:51.455974	INFO	[Legacy File Load Tracking] TryFindFile data/ui/online/core/clubs/Framework.big. Result = true. find_encrypted = true is_modded = false, chunk = {ca538e88-ccf9-a92d-712f-a71ec2c3bb4d}, start = 0x007C7A8B, end = 0x007E2334, offset = 0x0367C346, size = 0x00008D18)
04:52:51.456400	INFO	[Legacy File Load Tracking] LoadFile: data/ui/online/core/clubs/Framework.big. chunk = {ca538e88-ccf9-a92d-712f-a71ec2c3bb4d}, start = 0x007C7A8B, end = 0x007E2334, offset = 0x0367C346, size = 0x00008D18
04:52:51.505221	INFO	[Legacy File Load Tracking] TryFindFile data/ui/online/core/dynamicmessaging/Framework.big. Result = true. find_encrypted = true is_modded = false, chunk = {ca538e88-ccf9-a92d-712f-a71ec2c3bb4d}, start = 0x00D07F8B, end = 0x00D121C0, offset = 0x06D52C07, size = 0x000046E8)
04:52:51.505787	INFO	[Legacy File Load Tracking] LoadFile: data/ui/online/core/dynamicmessaging/Framework.big. chunk = {ca538e88-ccf9-a92d-712f-a71ec2c3bb4d}, start = 0x00D07F8B, end = 0x00D121C0, offset = 0x06D52C07, size = 0x000046E8
04:52:51.538663	INFO	[Legacy File Load Tracking] TryFindFile data/ui/online/core/general/Framework.big. Result = true. find_encrypted = true is_modded = false, chunk = {ca538e88-ccf9-a92d-712f-a71ec2c3bb4d}, start = 0x0082B745, end = 0x00837B64, offset = 0x039D3360, size = 0x00001470)
04:52:51.539211	INFO	[Legacy File Load Tracking] LoadFile: data/ui/online/core/general/Framework.big. chunk = {ca538e88-ccf9-a92d-712f-a71ec2c3bb4d}, start = 0x0082B745, end = 0x00837B64, offset = 0x039D3360, size = 0x00001470
04:52:51.589084	INFO	[Legacy File Load Tracking] TryFindFile data/ui/online/core/settings/Framework.big. Result = true. find_encrypted = true is_modded = false, chunk = {ca538e88-ccf9-a92d-712f-a71ec2c3bb4d}, start = 0x00D07F8B, end = 0x00D121C0, offset = 0x06D4E6DF, size = 0x00004528)
04:52:51.589672	INFO	[Legacy File Load Tracking] LoadFile: data/ui/online/core/settings/Framework.big. chunk = {ca538e88-ccf9-a92d-712f-a71ec2c3bb4d}, start = 0x00D07F8B, end = 0x00D121C0, offset = 0x06D4E6DF, size = 0x00004528
04:52:51.638750	INFO	[Legacy File Load Tracking] TryFindFile data/ui/online/core/stats/Framework.big. Result = true. find_encrypted = true is_modded = false, chunk = {ca538e88-ccf9-a92d-712f-a71ec2c3bb4d}, start = 0x00A9FF6E, end = 0x00AAD2E7, offset = 0x04C73C54, size = 0x000024F0)
04:52:51.639276	INFO	[Legacy File Load Tracking] LoadFile: data/ui/online/core/stats/Framework.big. chunk = {ca538e88-ccf9-a92d-712f-a71ec2c3bb4d}, start = 0x00A9FF6E, end = 0x00AAD2E7, offset = 0x04C73C54, size = 0x000024F0
04:52:51.689579	INFO	[Legacy File Load Tracking] TryFindFile data/ui/online/core/tournament/Framework.big. Result = true. find_encrypted = true is_modded = false, chunk = {ca538e88-ccf9-a92d-712f-a71ec2c3bb4d}, start = 0x00ABB26F, end = 0x00AC0992, offset = 0x04CD4E31, size = 0x00003EA8)
04:52:51.689982	INFO	[Legacy File Load Tracking] LoadFile: data/ui/online/core/tournament/Framework.big. chunk = {ca538e88-ccf9-a92d-712f-a71ec2c3bb4d}, start = 0x00ABB26F, end = 0x00AC0992, offset = 0x04CD4E31, size = 0x00003EA8
04:52:51.739931	INFO	[Legacy File Load Tracking] TryFindFile data/ui/online/core/utility/Framework.big. Result = true. find_encrypted = true is_modded = false, chunk = {ca538e88-ccf9-a92d-712f-a71ec2c3bb4d}, start = 0x00D6535F, end = 0x00D7086A, offset = 0x06F6AD98, size = 0x00002140)
04:52:51.740536	INFO	[Legacy File Load Tracking] LoadFile: data/ui/online/core/utility/Framework.big. chunk = {ca538e88-ccf9-a92d-712f-a71ec2c3bb4d}, start = 0x00D6535F, end = 0x00D7086A, offset = 0x06F6AD98, size = 0x00002140
04:52:51.789213	INFO	[Legacy File Load Tracking] TryFindFile data/ui/online/core/rooms/Framework.big. Result = true. find_encrypted = true is_modded = false, chunk = {ca538e88-ccf9-a92d-712f-a71ec2c3bb4d}, start = 0x0000A158, end = 0x000163D8, offset = 0x000596DE, size = 0x00005B70)
04:52:51.789861	INFO	[Legacy File Load Tracking] LoadFile: data/ui/online/core/rooms/Framework.big. chunk = {ca538e88-ccf9-a92d-712f-a71ec2c3bb4d}, start = 0x0000A158, end = 0x000163D8, offset = 0x000596DE, size = 0x00005B70
04:52:51.807177	INFO	[Legacy File Load Tracking] TryFindFile data/ui/imgAssets/fluxStroke/top_active.dds. Result = true. find_encrypted = true is_modded = false, chunk = {ca538e88-ccf9-a92d-712f-a71ec2c3bb4d}, start = 0x008500D0, end = 0x00860230, offset = 0x03AB09EF, size = 0x000008C0)
04:52:51.807384	INFO	[Legacy File Load Tracking] TryFindFile data/ui/fonts/Arial.ttf. Result = false. find_encrypted = true is_modded = false, chunk = {00000000-0000-0000-0000-000000000000}, start = 0x00000000, end = 0x140B8A931, offset = 0x00000001, size = 0x00000000)
04:52:51.807698	INFO	[Legacy File Load Tracking] LoadFile: data/ui/imgAssets/fluxStroke/top_active.dds. chunk = {ca538e88-ccf9-a92d-712f-a71ec2c3bb4d}, start = 0x008500D0, end = 0x00860230, offset = 0x03AB09EF, size = 0x000008C0
04:52:51.808777	INFO	[Legacy File Load Tracking] TryFindFile data/ui/imgAssets/fluxStroke/bottom_active.dds. Result = true. find_encrypted = true is_modded = false, chunk = {ca538e88-ccf9-a92d-712f-a71ec2c3bb4d}, start = 0x007BAC6F, end = 0x007C7A8B, offset = 0x0362C67A, size = 0x000008C0)
04:52:51.808778	INFO	[Legacy File Load Tracking] TryFindFile data/ui/fonts/Arial.ttf. Result = false. find_encrypted = true is_modded = false, chunk = {00000000-0000-0000-0000-000000000000}, start = 0x00000000, end = 0x140B8A931, offset = 0x00000001, size = 0x00000000)
04:52:51.809395	INFO	[Legacy File Load Tracking] LoadFile: data/ui/imgAssets/fluxStroke/bottom_active.dds. chunk = {ca538e88-ccf9-a92d-712f-a71ec2c3bb4d}, start = 0x007BAC6F, end = 0x007C7A8B, offset = 0x0362C67A, size = 0x000008C0
04:52:51.810483	INFO	[Legacy File Load Tracking] TryFindFile data/ui/imgAssets/fluxStroke/left_active.dds. Result = true. find_encrypted = true is_modded = false, chunk = {ca538e88-ccf9-a92d-712f-a71ec2c3bb4d}, start = 0x0081B16D, end = 0x0082B745, offset = 0x039B1BD8, size = 0x00000A50)
04:52:51.811108	INFO	[Legacy File Load Tracking] LoadFile: data/ui/imgAssets/fluxStroke/left_active.dds. chunk = {ca538e88-ccf9-a92d-712f-a71ec2c3bb4d}, start = 0x0081B16D, end = 0x0082B745, offset = 0x039B1BD8, size = 0x00000A50
04:52:51.811899	INFO	[Legacy File Load Tracking] TryFindFile data/ui/imgAssets/fluxStroke/right_active.dds. Result = true. find_encrypted = true is_modded = false, chunk = {ca538e88-ccf9-a92d-712f-a71ec2c3bb4d}, start = 0x012377D2, end = 0x0124342F, offset = 0x0A3F62BF, size = 0x00000A50)
04:52:51.812363	INFO	[Legacy File Load Tracking] LoadFile: data/ui/imgAssets/fluxStroke/right_active.dds. chunk = {ca538e88-ccf9-a92d-712f-a71ec2c3bb4d}, start = 0x012377D2, end = 0x0124342F, offset = 0x0A3F62BF, size = 0x00000A50
04:52:51.838782	INFO	[Legacy File Load Tracking] TryFindFile data/ui/online/adaptors/Framework.big. Result = true. find_encrypted = true is_modded = false, chunk = {ca538e88-ccf9-a92d-712f-a71ec2c3bb4d}, start = 0x00F5C65C, end = 0x00F691F8, offset = 0x082D1091, size = 0x0000D2A0)
04:52:51.839308	INFO	[Legacy File Load Tracking] LoadFile: data/ui/online/adaptors/Framework.big. chunk = {ca538e88-ccf9-a92d-712f-a71ec2c3bb4d}, start = 0x00F5C65C, end = 0x00F691F8, offset = 0x082D1091, size = 0x0000D2A0
04:52:51.888921	INFO	[Legacy File Load Tracking] TryFindFile data/ui/online/core/gamesetup/Framework.big. Result = true. find_encrypted = true is_modded = false, chunk = {ca538e88-ccf9-a92d-712f-a71ec2c3bb4d}, start = 0x00F85F12, end = 0x00F9A64B, offset = 0x083ED870, size = 0x000270A0)
04:52:51.889358	INFO	[Legacy File Load Tracking] LoadFile: data/ui/online/core/gamesetup/Framework.big. chunk = {ca538e88-ccf9-a92d-712f-a71ec2c3bb4d}, start = 0x00F85F12, end = 0x00F9A64B, offset = 0x083ED870, size = 0x000270A0
04:52:51.939737	INFO	[Legacy File Load Tracking] TryFindFile data/ui/online/core/matchmaking/Framework.big. Result = true. find_encrypted = true is_modded = false, chunk = {ca538e88-ccf9-a92d-712f-a71ec2c3bb4d}, start = 0x00D816C2, end = 0x00D993A7, offset = 0x07077440, size = 0x0000A568)
04:52:51.941496	INFO	[Legacy File Load Tracking] LoadFile: data/ui/online/core/matchmaking/Framework.big. chunk = {ca538e88-ccf9-a92d-712f-a71ec2c3bb4d}, start = 0x00D816C2, end = 0x00D993A7, offset = 0x07077440, size = 0x0000A568
04:52:51.972438	INFO	[Legacy File Load Tracking] TryFindFile data/ui/game/custom/CustomLibrary.big. Result = true. find_encrypted = true is_modded = false, chunk = {ca538e88-ccf9-a92d-712f-a71ec2c3bb4d}, start = 0x01375421, end = 0x0137EB30, offset = 0x0B5303F0, size = 0x000237D0)
04:52:51.972995	INFO	[Legacy File Load Tracking] LoadFile: data/ui/game/custom/CustomLibrary.big. chunk = {ca538e88-ccf9-a92d-712f-a71ec2c3bb4d}, start = 0x01375421, end = 0x0137EB30, offset = 0x0B5303F0, size = 0x000237D0
04:52:52.390839	INFO	[Legacy File Load Tracking] TryFindFile data/ui/imgAssets/background/bg_bootflow.dds. Result = true. find_encrypted = true is_modded = false, chunk = {f6a5646b-1cdd-6d9d-6cf3-750f472c49a9}, start = 0x00000000, end = 0x004B7824, offset = 0x00000000, size = 0x00FD2080)
04:52:52.391409	INFO	[Legacy File Load Tracking] LoadFile: data/ui/imgAssets/background/bg_bootflow.dds. chunk = {f6a5646b-1cdd-6d9d-6cf3-750f472c49a9}, start = 0x00000000, end = 0x004B7824, offset = 0x00000000, size = 0x00FD2080
04:52:52.398032	INFO	[Legacy File Load Tracking] LoadFile: data/ui/imgAssets/background/bg_bootflow.dds. chunk = {f6a5646b-1cdd-6d9d-6cf3-750f472c49a9}, start = 0x00000000, end = 0x004B7824, offset = 0x00000000, size = 0x00FD2080
04:52:52.405382	INFO	[Legacy File Load Tracking] LoadFile: data/ui/imgAssets/background/bg_bootflow.dds. chunk = {f6a5646b-1cdd-6d9d-6cf3-750f472c49a9}, start = 0x00000000, end = 0x004B7824, offset = 0x00000000, size = 0x00FD2080
04:52:52.416877	INFO	[Legacy File Load Tracking] LoadFile: data/ui/imgAssets/background/bg_bootflow.dds. chunk = {f6a5646b-1cdd-6d9d-6cf3-750f472c49a9}, start = 0x00000000, end = 0x004B7824, offset = 0x00000000, size = 0x00FD2080
04:52:52.422809	INFO	[Legacy File Load Tracking] LoadFile: data/ui/imgAssets/background/bg_bootflow.dds. chunk = {f6a5646b-1cdd-6d9d-6cf3-750f472c49a9}, start = 0x00000000, end = 0x004B7824, offset = 0x00000000, size = 0x00FD2080
04:52:52.428952	INFO	[Legacy File Load Tracking] LoadFile: data/ui/imgAssets/background/bg_bootflow.dds. chunk = {f6a5646b-1cdd-6d9d-6cf3-750f472c49a9}, start = 0x00000000, end = 0x004B7824, offset = 0x00000000, size = 0x00FD2080
04:52:52.439935	INFO	[Legacy File Load Tracking] LoadFile: data/ui/imgAssets/background/bg_bootflow.dds. chunk = {f6a5646b-1cdd-6d9d-6cf3-750f472c49a9}, start = 0x00000000, end = 0x004B7824, offset = 0x00000000, size = 0x00FD2080
04:52:52.445817	INFO	[Legacy File Load Tracking] LoadFile: data/ui/imgAssets/background/bg_bootflow.dds. chunk = {f6a5646b-1cdd-6d9d-6cf3-750f472c49a9}, start = 0x00000000, end = 0x004B7824, offset = 0x00000000, size = 0x00FD2080
04:52:52.451797	INFO	[Legacy File Load Tracking] LoadFile: data/ui/imgAssets/background/bg_bootflow.dds. chunk = {f6a5646b-1cdd-6d9d-6cf3-750f472c49a9}, start = 0x00000000, end = 0x004B7824, offset = 0x00000000, size = 0x00FD2080
04:52:52.463076	INFO	[Legacy File Load Tracking] LoadFile: data/ui/imgAssets/background/bg_bootflow.dds. chunk = {f6a5646b-1cdd-6d9d-6cf3-750f472c49a9}, start = 0x00000000, end = 0x004B7824, offset = 0x00000000, size = 0x00FD2080
04:52:52.469798	INFO	[Legacy File Load Tracking] TryFindFile data/ui/imgAssets/background/bg_bootflow.dds. Result = true. find_encrypted = true is_modded = false, chunk = {f6a5646b-1cdd-6d9d-6cf3-750f472c49a9}, start = 0x00000000, end = 0x004B7824, offset = 0x00000000, size = 0x00FD2080)
04:52:52.470550	INFO	[Legacy File Load Tracking] LoadFile: data/ui/imgAssets/background/bg_bootflow.dds. chunk = {f6a5646b-1cdd-6d9d-6cf3-750f472c49a9}, start = 0x00000000, end = 0x004B7824, offset = 0x00000000, size = 0x00FD2080
04:52:52.476731	INFO	[Legacy File Load Tracking] LoadFile: data/ui/imgAssets/background/bg_bootflow.dds. chunk = {f6a5646b-1cdd-6d9d-6cf3-750f472c49a9}, start = 0x00000000, end = 0x004B7824, offset = 0x00000000, size = 0x00FD2080
04:52:52.483378	INFO	[Legacy File Load Tracking] LoadFile: data/ui/imgAssets/background/bg_bootflow.dds. chunk = {f6a5646b-1cdd-6d9d-6cf3-750f472c49a9}, start = 0x00000000, end = 0x004B7824, offset = 0x00000000, size = 0x00FD2080
04:52:52.494746	INFO	[Legacy File Load Tracking] LoadFile: data/ui/imgAssets/background/bg_bootflow.dds. chunk = {f6a5646b-1cdd-6d9d-6cf3-750f472c49a9}, start = 0x00000000, end = 0x004B7824, offset = 0x00000000, size = 0x00FD2080
04:52:52.500628	INFO	[Legacy File Load Tracking] LoadFile: data/ui/imgAssets/background/bg_bootflow.dds. chunk = {f6a5646b-1cdd-6d9d-6cf3-750f472c49a9}, start = 0x00000000, end = 0x004B7824, offset = 0x00000000, size = 0x00FD2080
04:52:52.506529	INFO	[Legacy File Load Tracking] LoadFile: data/ui/imgAssets/background/bg_bootflow.dds. chunk = {f6a5646b-1cdd-6d9d-6cf3-750f472c49a9}, start = 0x00000000, end = 0x004B7824, offset = 0x00000000, size = 0x00FD2080
04:52:52.516876	INFO	[Legacy File Load Tracking] LoadFile: data/ui/imgAssets/background/bg_bootflow.dds. chunk = {f6a5646b-1cdd-6d9d-6cf3-750f472c49a9}, start = 0x00000000, end = 0x004B7824, offset = 0x00000000, size = 0x00FD2080
04:52:52.523076	INFO	[Legacy File Load Tracking] LoadFile: data/ui/imgAssets/background/bg_bootflow.dds. chunk = {f6a5646b-1cdd-6d9d-6cf3-750f472c49a9}, start = 0x00000000, end = 0x004B7824, offset = 0x00000000, size = 0x00FD2080
04:52:52.529103	INFO	[Legacy File Load Tracking] LoadFile: data/ui/imgAssets/background/bg_bootflow.dds. chunk = {f6a5646b-1cdd-6d9d-6cf3-750f472c49a9}, start = 0x00000000, end = 0x004B7824, offset = 0x00000000, size = 0x00FD2080
04:52:52.539978	INFO	[Legacy File Load Tracking] LoadFile: data/ui/imgAssets/background/bg_bootflow.dds. chunk = {f6a5646b-1cdd-6d9d-6cf3-750f472c49a9}, start = 0x00000000, end = 0x004B7824, offset = 0x00000000, size = 0x00FD2080
04:52:52.720265	INFO	[Legacy File Load Tracking] TryFindFile data/juego/skillgames-props/ring.pb. Result = true. find_encrypted = true is_modded = false, chunk = {ca538e88-ccf9-a92d-712f-a71ec2c3bb4d}, start = 0x00F903E1, end = 0x00F9A64B, offset = 0x08437178, size = 0x00001336)
04:52:52.720829	INFO	[Legacy File Load Tracking] LoadFile: data/juego/skillgames-props/ring.pb. chunk = {ca538e88-ccf9-a92d-712f-a71ec2c3bb4d}, start = 0x00F903E1, end = 0x00F9A64B, offset = 0x08437178, size = 0x00001336
04:52:52.721380	INFO	[Legacy File Load Tracking] TryFindFile data/juego/skillgames-props/mini_net.pb. Result = true. find_encrypted = true is_modded = false, chunk = {ca538e88-ccf9-a92d-712f-a71ec2c3bb4d}, start = 0x00837B64, end = 0x00840618, offset = 0x03A34DCF, size = 0x000009A0)
04:52:52.721806	INFO	[Legacy File Load Tracking] LoadFile: data/juego/skillgames-props/mini_net.pb. chunk = {ca538e88-ccf9-a92d-712f-a71ec2c3bb4d}, start = 0x00837B64, end = 0x00840618, offset = 0x03A34DCF, size = 0x000009A0
04:52:52.722218	INFO	[Legacy File Load Tracking] TryFindFile data/juego/skillgames-props/ball_launcher.pb. Result = true. find_encrypted = true is_modded = false, chunk = {ca538e88-ccf9-a92d-712f-a71ec2c3bb4d}, start = 0x007D3120, end = 0x007E2334, offset = 0x0368505E, size = 0x000005F7)
04:52:52.722528	INFO	[Legacy File Load Tracking] LoadFile: data/juego/skillgames-props/ball_launcher.pb. chunk = {ca538e88-ccf9-a92d-712f-a71ec2c3bb4d}, start = 0x007D3120, end = 0x007E2334, offset = 0x0368505E, size = 0x000005F7
04:52:52.722854	INFO	[Legacy File Load Tracking] TryFindFile data/juego/skillgames-props/water_bottle.pb. Result = true. find_encrypted = true is_modded = false, chunk = {ca538e88-ccf9-a92d-712f-a71ec2c3bb4d}, start = 0x0120F02D, end = 0x0121CF7D, offset = 0x0A3213E1, size = 0x000005EA)
04:52:52.723136	INFO	[Legacy File Load Tracking] LoadFile: data/juego/skillgames-props/water_bottle.pb. chunk = {ca538e88-ccf9-a92d-712f-a71ec2c3bb4d}, start = 0x0120F02D, end = 0x0121CF7D, offset = 0x0A3213E1, size = 0x000005EA
04:52:52.723494	INFO	[Legacy File Load Tracking] TryFindFile data/juego/skillgames-props/tire.pb. Result = true. find_encrypted = true is_modded = false, chunk = {ca538e88-ccf9-a92d-712f-a71ec2c3bb4d}, start = 0x00F4C630, end = 0x00F5C65C, offset = 0x082AC36A, size = 0x00000D5A)
04:52:52.723765	INFO	[Legacy File Load Tracking] LoadFile: data/juego/skillgames-props/tire.pb. chunk = {ca538e88-ccf9-a92d-712f-a71ec2c3bb4d}, start = 0x00F4C630, end = 0x00F5C65C, offset = 0x082AC36A, size = 0x00000D5A
04:52:52.724050	INFO	[Legacy File Load Tracking] TryFindFile data/juego/skillgames-props/goal_wall_no_holes.pb. Result = true. find_encrypted = true is_modded = false, chunk = {ca538e88-ccf9-a92d-712f-a71ec2c3bb4d}, start = 0x00D121C0, end = 0x00D21FAD, offset = 0x06DA22EB, size = 0x00000812)
04:52:52.724302	INFO	[Legacy File Load Tracking] LoadFile: data/juego/skillgames-props/goal_wall_no_holes.pb. chunk = {ca538e88-ccf9-a92d-712f-a71ec2c3bb4d}, start = 0x00D121C0, end = 0x00D21FAD, offset = 0x06DA22EB, size = 0x00000812
04:52:52.724580	INFO	[Legacy File Load Tracking] TryFindFile data/juego/skillgames-props/goal_wall_with_holes1.pb. Result = true. find_encrypted = true is_modded = false, chunk = {ca538e88-ccf9-a92d-712f-a71ec2c3bb4d}, start = 0x007B0389, end = 0x007BAC6F, offset = 0x035E8817, size = 0x00002622)
04:52:52.724852	INFO	[Legacy File Load Tracking] LoadFile: data/juego/skillgames-props/goal_wall_with_holes1.pb. chunk = {ca538e88-ccf9-a92d-712f-a71ec2c3bb4d}, start = 0x007B0389, end = 0x007BAC6F, offset = 0x035E8817, size = 0x00002622
04:52:52.725175	INFO	[Legacy File Load Tracking] TryFindFile data/juego/skillgames-props/goal_wall_with_holes2.pb. Result = true. find_encrypted = true is_modded = false, chunk = {ca538e88-ccf9-a92d-712f-a71ec2c3bb4d}, start = 0x007C7A8B, end = 0x007D3120, offset = 0x03669D3F, size = 0x0000408A)
04:52:52.725473	INFO	[Legacy File Load Tracking] LoadFile: data/juego/skillgames-props/goal_wall_with_holes2.pb. chunk = {ca538e88-ccf9-a92d-712f-a71ec2c3bb4d}, start = 0x007C7A8B, end = 0x007D3120, offset = 0x03669D3F, size = 0x0000408A
04:52:52.725773	INFO	[Legacy File Load Tracking] TryFindFile data/juego/skillgames-props/goal_wall_with_holes3.pb. Result = true. find_encrypted = true is_modded = false, chunk = {ca538e88-ccf9-a92d-712f-a71ec2c3bb4d}, start = 0x007EEA98, end = 0x007F4E33, offset = 0x0382AEDE, size = 0x0000352A)
04:52:52.726047	INFO	[Legacy File Load Tracking] LoadFile: data/juego/skillgames-props/goal_wall_with_holes3.pb. chunk = {ca538e88-ccf9-a92d-712f-a71ec2c3bb4d}, start = 0x007EEA98, end = 0x007F4E33, offset = 0x0382AEDE, size = 0x0000352A
04:52:52.726339	INFO	[Legacy File Load Tracking] TryFindFile data/juego/skillgames-props/goal_wall_with_holes4.pb. Result = true. find_encrypted = true is_modded = false, chunk = {ca538e88-ccf9-a92d-712f-a71ec2c3bb4d}, start = 0x0127974C, end = 0x0128463C, offset = 0x0A77A10D, size = 0x00001C62)
04:52:52.726602	INFO	[Legacy File Load Tracking] LoadFile: data/juego/skillgames-props/goal_wall_with_holes4.pb. chunk = {ca538e88-ccf9-a92d-712f-a71ec2c3bb4d}, start = 0x0127974C, end = 0x0128463C, offset = 0x0A77A10D, size = 0x00001C62
04:52:52.726876	INFO	[Legacy File Load Tracking] TryFindFile data/juego/skillgames-props/breakable_target.pb. Result = true. find_encrypted = true is_modded = false, chunk = {ca538e88-ccf9-a92d-712f-a71ec2c3bb4d}, start = 0x0108495D, end = 0x01092D67, offset = 0x08D6AE15, size = 0x00007D3C)
04:52:52.727126	INFO	[Legacy File Load Tracking] LoadFile: data/juego/skillgames-props/breakable_target.pb. chunk = {ca538e88-ccf9-a92d-712f-a71ec2c3bb4d}, start = 0x0108495D, end = 0x01092D67, offset = 0x08D6AE15, size = 0x00007D3C
04:52:52.727401	INFO	[Legacy File Load Tracking] TryFindFile data/juego/skillgames-props/netted_mini_net.pb. Result = false. find_encrypted = true is_modded = false, chunk = {ca538e88-ccf9-a92d-712f-a71ec2c3bb4d}, start = 0x0108495D, end = 0x01092D67, offset = 0x08D6AE15, size = 0x00007D3C)
04:52:52.727672	INFO	[Legacy File Load Tracking] TryFindFile data/juego/skillgames-props/breakable_window.pb. Result = true. find_encrypted = true is_modded = false, chunk = {ca538e88-ccf9-a92d-712f-a71ec2c3bb4d}, start = 0x0105CD8B, end = 0x0106713E, offset = 0x08C71FD9, size = 0x00005A0E)
04:52:52.727938	INFO	[Legacy File Load Tracking] LoadFile: data/juego/skillgames-props/breakable_window.pb. chunk = {ca538e88-ccf9-a92d-712f-a71ec2c3bb4d}, start = 0x0105CD8B, end = 0x0106713E, offset = 0x08C71FD9, size = 0x00005A0E
04:52:52.728353	INFO	[Legacy File Load Tracking] TryFindFile data/setplay/setplaytactics.big. Result = true. find_encrypted = true is_modded = false, chunk = {3ec62401-2dd0-bd89-4ec2-1cdfd1b55e2d}, start = 0x00C43B39, end = 0x00C9521F, offset = 0x015FFDD6, size = 0x00022430)
04:52:52.728684	INFO	[Legacy File Load Tracking] LoadFile: data/setplay/setplaytactics.big. chunk = {3ec62401-2dd0-bd89-4ec2-1cdfd1b55e2d}, start = 0x00C43B39, end = 0x00C9521F, offset = 0x015FFDD6, size = 0x00022430
04:52:52.729717	INFO	[Legacy File Load Tracking] TryFindFile data/juego/lib/skillgame_base.lua. Result = true. find_encrypted = true is_modded = false, chunk = {96ae6ab3-02e4-73d8-0435-520f5256b5bd}, start = 0x00073F2E, end = 0x0007DDC5, offset = 0x002C4355, size = 0x00002723)
04:52:52.730050	INFO	[Legacy File Load Tracking] LoadFile: data/juego/lib/skillgame_base.lua. chunk = {96ae6ab3-02e4-73d8-0435-520f5256b5bd}, start = 0x00073F2E, end = 0x0007DDC5, offset = 0x002C4355, size = 0x00002723
04:52:52.736284	INFO	[Legacy File Load Tracking] TryFindFile data/juego/lib/util.lua. Result = true. find_encrypted = true is_modded = false, chunk = {96ae6ab3-02e4-73d8-0435-520f5256b5bd}, start = 0x00048E15, end = 0x00055026, offset = 0x001E01FD, size = 0x000106C0)
04:52:52.736773	INFO	[Legacy File Load Tracking] LoadFile: data/juego/lib/util.lua. chunk = {96ae6ab3-02e4-73d8-0435-520f5256b5bd}, start = 0x00048E15, end = 0x00055026, offset = 0x001E01FD, size = 0x000106C0
04:52:52.738715	INFO	[Legacy File Load Tracking] TryFindFile data/juego/lib/zone.lua. Result = true. find_encrypted = true is_modded = false, chunk = {96ae6ab3-02e4-73d8-0435-520f5256b5bd}, start = 0x0011493C, end = 0x0011A71D, offset = 0x006A82A0, size = 0x00001DFB)
04:52:52.739078	INFO	[Legacy File Load Tracking] LoadFile: data/juego/lib/zone.lua. chunk = {96ae6ab3-02e4-73d8-0435-520f5256b5bd}, start = 0x0011493C, end = 0x0011A71D, offset = 0x006A82A0, size = 0x00001DFB
04:52:52.739638	INFO	[Legacy File Load Tracking] TryFindFile data/juego/lib/gate.lua. Result = true. find_encrypted = true is_modded = false, chunk = {96ae6ab3-02e4-73d8-0435-520f5256b5bd}, start = 0x00000000, end = 0x00014E45, offset = 0x0003F0BC, size = 0x000047DE)
04:52:52.739892	INFO	[Legacy File Load Tracking] LoadFile: data/juego/lib/gate.lua. chunk = {96ae6ab3-02e4-73d8-0435-520f5256b5bd}, start = 0x00000000, end = 0x00014E45, offset = 0x0003F0BC, size = 0x000047DE
04:52:52.740696	INFO	[Legacy File Load Tracking] TryFindFile data/juego/lib/timer.lua. Result = true. find_encrypted = true is_modded = false, chunk = {96ae6ab3-02e4-73d8-0435-520f5256b5bd}, start = 0x000EFBDE, end = 0x000FBE9E, offset = 0x005AC159, size = 0x000007B3)
04:52:52.740989	INFO	[Legacy File Load Tracking] LoadFile: data/juego/lib/timer.lua. chunk = {96ae6ab3-02e4-73d8-0435-520f5256b5bd}, start = 0x000EFBDE, end = 0x000FBE9E, offset = 0x005AC159, size = 0x000007B3
04:52:52.741427	INFO	[Legacy File Load Tracking] TryFindFile data/juego/lib/checkpoint.lua. Result = true. find_encrypted = true is_modded = false, chunk = {96ae6ab3-02e4-73d8-0435-520f5256b5bd}, start = 0x00073F2E, end = 0x0007DDC5, offset = 0x002C3CED, size = 0x00000668)
04:52:52.741703	INFO	[Legacy File Load Tracking] LoadFile: data/juego/lib/checkpoint.lua. chunk = {96ae6ab3-02e4-73d8-0435-520f5256b5bd}, start = 0x00073F2E, end = 0x0007DDC5, offset = 0x002C3CED, size = 0x00000668
04:52:52.742159	INFO	[Legacy File Load Tracking] TryFindFile data/juego/lib/switching.lua. Result = true. find_encrypted = true is_modded = false, chunk = {96ae6ab3-02e4-73d8-0435-520f5256b5bd}, start = 0x00031B59, end = 0x0003DB6D, offset = 0x00151F13, size = 0x00000DF6)
04:52:52.742423	INFO	[Legacy File Load Tracking] LoadFile: data/juego/lib/switching.lua. chunk = {96ae6ab3-02e4-73d8-0435-520f5256b5bd}, start = 0x00031B59, end = 0x0003DB6D, offset = 0x00151F13, size = 0x00000DF6
04:52:52.742817	INFO	[Legacy File Load Tracking] TryFindFile data/juego/lib/moving_prop.lua. Result = true. find_encrypted = true is_modded = false, chunk = {96ae6ab3-02e4-73d8-0435-520f5256b5bd}, start = 0x0016D3D2, end = 0x00176D9D, offset = 0x008E1BB8, size = 0x00000FC0)
04:52:52.743068	INFO	[Legacy File Load Tracking] LoadFile: data/juego/lib/moving_prop.lua. chunk = {96ae6ab3-02e4-73d8-0435-520f5256b5bd}, start = 0x0016D3D2, end = 0x00176D9D, offset = 0x008E1BB8, size = 0x00000FC0
04:52:52.743484	INFO	[Legacy File Load Tracking] TryFindFile data/juego/lib/skillgames_enums.lua. Result = true. find_encrypted = true is_modded = false, chunk = {96ae6ab3-02e4-73d8-0435-520f5256b5bd}, start = 0x00124D25, end = 0x0012F054, offset = 0x00719B42, size = 0x0000C069)
04:52:52.743740	INFO	[Legacy File Load Tracking] LoadFile: data/juego/lib/skillgames_enums.lua. chunk = {96ae6ab3-02e4-73d8-0435-520f5256b5bd}, start = 0x00124D25, end = 0x0012F054, offset = 0x00719B42, size = 0x0000C069
04:52:52.746404	INFO	[Legacy File Load Tracking] TryFindFile data/juego/lib/skillgame_base.lua. Result = true. find_encrypted = true is_modded = false, chunk = {96ae6ab3-02e4-73d8-0435-520f5256b5bd}, start = 0x00073F2E, end = 0x0007DDC5, offset = 0x002C4355, size = 0x00002723)
04:52:52.746780	INFO	[Legacy File Load Tracking] LoadFile: data/juego/lib/skillgame_base.lua. chunk = {96ae6ab3-02e4-73d8-0435-520f5256b5bd}, start = 0x00073F2E, end = 0x0007DDC5, offset = 0x002C4355, size = 0x00002723
04:52:52.752992	INFO	[Legacy File Load Tracking] TryFindFile data/juego/lib/util.lua. Result = true. find_encrypted = true is_modded = false, chunk = {96ae6ab3-02e4-73d8-0435-520f5256b5bd}, start = 0x00048E15, end = 0x00055026, offset = 0x001E01FD, size = 0x000106C0)
04:52:52.753392	INFO	[Legacy File Load Tracking] LoadFile: data/juego/lib/util.lua. chunk = {96ae6ab3-02e4-73d8-0435-520f5256b5bd}, start = 0x00048E15, end = 0x00055026, offset = 0x001E01FD, size = 0x000106C0
04:52:52.755322	INFO	[Legacy File Load Tracking] TryFindFile data/juego/lib/zone.lua. Result = true. find_encrypted = true is_modded = false, chunk = {96ae6ab3-02e4-73d8-0435-520f5256b5bd}, start = 0x0011493C, end = 0x0011A71D, offset = 0x006A82A0, size = 0x00001DFB)
04:52:52.755792	INFO	[Legacy File Load Tracking] LoadFile: data/juego/lib/zone.lua. chunk = {96ae6ab3-02e4-73d8-0435-520f5256b5bd}, start = 0x0011493C, end = 0x0011A71D, offset = 0x006A82A0, size = 0x00001DFB
04:52:52.756519	INFO	[Legacy File Load Tracking] TryFindFile data/juego/lib/gate.lua. Result = true. find_encrypted = true is_modded = false, chunk = {96ae6ab3-02e4-73d8-0435-520f5256b5bd}, start = 0x00000000, end = 0x00014E45, offset = 0x0003F0BC, size = 0x000047DE)
04:52:52.756883	INFO	[Legacy File Load Tracking] LoadFile: data/juego/lib/gate.lua. chunk = {96ae6ab3-02e4-73d8-0435-520f5256b5bd}, start = 0x00000000, end = 0x00014E45, offset = 0x0003F0BC, size = 0x000047DE
04:52:52.757620	INFO	[Legacy File Load Tracking] TryFindFile data/juego/lib/timer.lua. Result = true. find_encrypted = true is_modded = false, chunk = {96ae6ab3-02e4-73d8-0435-520f5256b5bd}, start = 0x000EFBDE, end = 0x000FBE9E, offset = 0x005AC159, size = 0x000007B3)
04:52:52.757875	INFO	[Legacy File Load Tracking] LoadFile: data/juego/lib/timer.lua. chunk = {96ae6ab3-02e4-73d8-0435-520f5256b5bd}, start = 0x000EFBDE, end = 0x000FBE9E, offset = 0x005AC159, size = 0x000007B3
04:52:52.758277	INFO	[Legacy File Load Tracking] TryFindFile data/juego/lib/checkpoint.lua. Result = true. find_encrypted = true is_modded = false, chunk = {96ae6ab3-02e4-73d8-0435-520f5256b5bd}, start = 0x00073F2E, end = 0x0007DDC5, offset = 0x002C3CED, size = 0x00000668)
04:52:52.758530	INFO	[Legacy File Load Tracking] LoadFile: data/juego/lib/checkpoint.lua. chunk = {96ae6ab3-02e4-73d8-0435-520f5256b5bd}, start = 0x00073F2E, end = 0x0007DDC5, offset = 0x002C3CED, size = 0x00000668
04:52:52.758885	INFO	[Legacy File Load Tracking] TryFindFile data/juego/lib/switching.lua. Result = true. find_encrypted = true is_modded = false, chunk = {96ae6ab3-02e4-73d8-0435-520f5256b5bd}, start = 0x00031B59, end = 0x0003DB6D, offset = 0x00151F13, size = 0x00000DF6)
04:52:52.759153	INFO	[Legacy File Load Tracking] LoadFile: data/juego/lib/switching.lua. chunk = {96ae6ab3-02e4-73d8-0435-520f5256b5bd}, start = 0x00031B59, end = 0x0003DB6D, offset = 0x00151F13, size = 0x00000DF6
04:52:52.759546	INFO	[Legacy File Load Tracking] TryFindFile data/juego/lib/moving_prop.lua. Result = true. find_encrypted = true is_modded = false, chunk = {96ae6ab3-02e4-73d8-0435-520f5256b5bd}, start = 0x0016D3D2, end = 0x00176D9D, offset = 0x008E1BB8, size = 0x00000FC0)
04:52:52.759845	INFO	[Legacy File Load Tracking] LoadFile: data/juego/lib/moving_prop.lua. chunk = {96ae6ab3-02e4-73d8-0435-520f5256b5bd}, start = 0x0016D3D2, end = 0x00176D9D, offset = 0x008E1BB8, size = 0x00000FC0
04:52:52.760402	INFO	[Legacy File Load Tracking] TryFindFile data/juego/lib/skillgames_enums.lua. Result = true. find_encrypted = true is_modded = false, chunk = {96ae6ab3-02e4-73d8-0435-520f5256b5bd}, start = 0x00124D25, end = 0x0012F054, offset = 0x00719B42, size = 0x0000C069)
04:52:52.760717	INFO	[Legacy File Load Tracking] LoadFile: data/juego/lib/skillgames_enums.lua. chunk = {96ae6ab3-02e4-73d8-0435-520f5256b5bd}, start = 0x00124D25, end = 0x0012F054, offset = 0x00719B42, size = 0x0000C069
04:52:54.074660	INFO	[Legacy File Load Tracking] TryFindFile data/ui/nav/bootCommonFlow.nav. Result = true. find_encrypted = true is_modded = false, chunk = {ca538e88-ccf9-a92d-712f-a71ec2c3bb4d}, start = 0x00A9FF6E, end = 0x00AAD2E7, offset = 0x04C6B947, size = 0x0000830D)
04:52:54.075343	INFO	[Legacy File Load Tracking] LoadFile: data/ui/nav/bootCommonFlow.nav. chunk = {ca538e88-ccf9-a92d-712f-a71ec2c3bb4d}, start = 0x00A9FF6E, end = 0x00AAD2E7, offset = 0x04C6B947, size = 0x0000830D
04:52:54.092676	INFO	[Legacy File Load Tracking] TryFindFile data/ui/nav/introVideo.nav. Result = true. find_encrypted = true is_modded = false, chunk = {ca538e88-ccf9-a92d-712f-a71ec2c3bb4d}, start = 0x008ECB3C, end = 0x008F77E1, offset = 0x04022877, size = 0x00000273)
04:52:54.093225	INFO	[Legacy File Load Tracking] LoadFile: data/ui/nav/introVideo.nav. chunk = {ca538e88-ccf9-a92d-712f-a71ec2c3bb4d}, start = 0x008ECB3C, end = 0x008F77E1, offset = 0x04022877, size = 0x00000273
04:52:54.175466	INFO	[Legacy File Load Tracking] TryFindFile data/ui/imgAssets/background/bg_pressstart.dds. Result = true. find_encrypted = true is_modded = false, chunk = {19d0974e-30e1-276d-8608-706ce83a4cd5}, start = 0x00000000, end = 0x004B83E9, offset = 0x00000000, size = 0x00FD2080)
04:52:54.176036	INFO	[Legacy File Load Tracking] LoadFile: data/ui/imgAssets/background/bg_pressstart.dds. chunk = {19d0974e-30e1-276d-8608-706ce83a4cd5}, start = 0x00000000, end = 0x004B83E9, offset = 0x00000000, size = 0x00FD2080
04:52:54.182592	INFO	[Legacy File Load Tracking] LoadFile: data/ui/imgAssets/background/bg_pressstart.dds. chunk = {19d0974e-30e1-276d-8608-706ce83a4cd5}, start = 0x00000000, end = 0x004B83E9, offset = 0x00000000, size = 0x00FD2080
04:52:54.189611	INFO	[Legacy File Load Tracking] LoadFile: data/ui/imgAssets/background/bg_pressstart.dds. chunk = {19d0974e-30e1-276d-8608-706ce83a4cd5}, start = 0x00000000, end = 0x004B83E9, offset = 0x00000000, size = 0x00FD2080
04:52:54.200829	INFO	[Legacy File Load Tracking] LoadFile: data/ui/imgAssets/background/bg_pressstart.dds. chunk = {19d0974e-30e1-276d-8608-706ce83a4cd5}, start = 0x00000000, end = 0x004B83E9, offset = 0x00000000, size = 0x00FD2080
04:52:54.208331	INFO	[Legacy File Load Tracking] LoadFile: data/ui/imgAssets/background/bg_pressstart.dds. chunk = {19d0974e-30e1-276d-8608-706ce83a4cd5}, start = 0x00000000, end = 0x004B83E9, offset = 0x00000000, size = 0x00FD2080
04:52:54.215747	INFO	[Legacy File Load Tracking] LoadFile: data/ui/imgAssets/background/bg_pressstart.dds. chunk = {19d0974e-30e1-276d-8608-706ce83a4cd5}, start = 0x00000000, end = 0x004B83E9, offset = 0x00000000, size = 0x00FD2080
04:52:54.228031	INFO	[Legacy File Load Tracking] LoadFile: data/ui/imgAssets/background/bg_pressstart.dds. chunk = {19d0974e-30e1-276d-8608-706ce83a4cd5}, start = 0x00000000, end = 0x004B83E9, offset = 0x00000000, size = 0x00FD2080
04:52:54.235394	INFO	[Legacy File Load Tracking] LoadFile: data/ui/imgAssets/background/bg_pressstart.dds. chunk = {19d0974e-30e1-276d-8608-706ce83a4cd5}, start = 0x00000000, end = 0x004B83E9, offset = 0x00000000, size = 0x00FD2080
04:52:54.242548	INFO	[Legacy File Load Tracking] LoadFile: data/ui/imgAssets/background/bg_pressstart.dds. chunk = {19d0974e-30e1-276d-8608-706ce83a4cd5}, start = 0x00000000, end = 0x004B83E9, offset = 0x00000000, size = 0x00FD2080
04:52:54.254294	INFO	[Legacy File Load Tracking] LoadFile: data/ui/imgAssets/background/bg_pressstart.dds. chunk = {19d0974e-30e1-276d-8608-706ce83a4cd5}, start = 0x00000000, end = 0x004B83E9, offset = 0x00000000, size = 0x00FD2080
04:52:54.773984	INFO	[Legacy File Load Tracking] TryFindFile data/ui/layout/pressstartcfg.xml. Result = true. find_encrypted = true is_modded = false, chunk = {ca538e88-ccf9-a92d-712f-a71ec2c3bb4d}, start = 0x00ECBEB7, end = 0x00ED1EC7, offset = 0x07E8471D, size = 0x00002AFF)
04:52:54.774474	INFO	[Legacy File Load Tracking] TryFindFile data/teammanagement/managerai.ini. Result = true. find_encrypted = true is_modded = false, chunk = {ca538e88-ccf9-a92d-712f-a71ec2c3bb4d}, start = 0x007D3120, end = 0x007E2334, offset = 0x036AA22C, size = 0x00000C79)
04:52:54.774623	INFO	[Legacy File Load Tracking] LoadFile: data/ui/layout/pressstartcfg.xml. chunk = {ca538e88-ccf9-a92d-712f-a71ec2c3bb4d}, start = 0x00ECBEB7, end = 0x00ED1EC7, offset = 0x07E8471D, size = 0x00002AFF
04:52:54.774995	INFO	[Legacy File Load Tracking] LoadFile: data/teammanagement/managerai.ini. chunk = {ca538e88-ccf9-a92d-712f-a71ec2c3bb4d}, start = 0x007D3120, end = 0x007E2334, offset = 0x036AA22C, size = 0x00000C79
04:52:54.780762	INFO	[Legacy File Load Tracking] TryFindFile data/ui/layout/library/fchublibrary.xml. Result = true. find_encrypted = true is_modded = false, chunk = {7d3de096-dd27-ae1e-9bf3-b8189205b285}, start = 0x00000000, end = 0x0000173E, offset = 0x00000000, size = 0x0000DC81)
04:52:54.781206	INFO	[Legacy File Load Tracking] LoadFile: data/ui/layout/library/fchublibrary.xml. chunk = {7d3de096-dd27-ae1e-9bf3-b8189205b285}, start = 0x00000000, end = 0x0000173E, offset = 0x00000000, size = 0x0000DC81
04:52:54.788969	INFO	[Legacy File Load Tracking] TryFindFile data/ui/nav/dbVerificationFlow.nav. Result = true. find_encrypted = true is_modded = false, chunk = {ca538e88-ccf9-a92d-712f-a71ec2c3bb4d}, start = 0x00788211, end = 0x00795116, offset = 0x034BB45B, size = 0x000002B4)
04:52:54.789554	INFO	[Legacy File Load Tracking] LoadFile: data/ui/nav/dbVerificationFlow.nav. chunk = {ca538e88-ccf9-a92d-712f-a71ec2c3bb4d}, start = 0x00788211, end = 0x00795116, offset = 0x034BB45B, size = 0x000002B4
04:52:54.806101	INFO	[Legacy File Load Tracking] TryFindFile data/ui/fonts/Times New Roman.ttf. Result = false. find_encrypted = true is_modded = false, chunk = {eebdd300-0000-0000-50d3-616802000000}, start = 0xF1D89F50, end = 0x140620FEE, offset = 0xF1D89F50, size = 0x14C1A4280)
04:52:54.806920	INFO	[Legacy File Load Tracking] TryFindFile data/ui/fonts/Times New Roman.ttf. Result = false. find_encrypted = true is_modded = false, chunk = {eebdd300-0000-0000-50d3-616802000000}, start = 0xF1D89CC8, end = 0x140620FEE, offset = 0xF1D89CC8, size = 0x14C1A4280)
04:52:54.807702	INFO	[Legacy File Load Tracking] TryFindFile data/ui/fonts/Times New Roman.ttf. Result = false. find_encrypted = true is_modded = false, chunk = {eebdd300-0000-0000-10d3-616802000000}, start = 0xF1D89578, end = 0x140620FEE, offset = 0xF1D89578, size = 0x14C1A4280)
04:52:54.808325	INFO	[Legacy File Load Tracking] TryFindFile data/ui/fonts/Times New Roman.ttf. Result = false. find_encrypted = true is_modded = false, chunk = {eebdd300-0000-0000-10d3-616802000000}, start = 0xF1D892A8, end = 0x140620FEE, offset = 0xF1D892A8, size = 0x14C1A4280)
04:52:54.811954	INFO	[Legacy File Load Tracking] TryFindFile data/ui/fonts/Times New Roman.ttf. Result = false. find_encrypted = true is_modded = false, chunk = {eebdd300-0000-0000-10c6-616802000000}, start = 0xF1D245C0, end = 0x140620FEE, offset = 0xF1D245C0, size = 0x14C1A4280)
04:52:54.812817	INFO	[Legacy File Load Tracking] TryFindFile data/ui/fonts/Times New Roman.ttf. Result = false. find_encrypted = true is_modded = false, chunk = {eebdd300-0000-0000-10c6-616802000000}, start = 0xF1B17FF0, end = 0x140620FEE, offset = 0xF1B17FF0, size = 0x14C1A4280)
04:52:54.815340	INFO	[Legacy File Load Tracking] TryFindFile data/ui/fonts/Times New Roman.ttf. Result = false. find_encrypted = true is_modded = false, chunk = {eebdd300-0000-0000-90c7-616802000000}, start = 0xF2282FD0, end = 0x140620FEE, offset = 0xF2282FD0, size = 0x14C1A4280)
04:52:54.816088	INFO	[Legacy File Load Tracking] TryFindFile data/ui/fonts/Times New Roman.ttf. Result = false. find_encrypted = true is_modded = false, chunk = {eebdd300-0000-0000-90c7-616802000000}, start = 0xF22835B0, end = 0x140620FEE, offset = 0xF22835B0, size = 0x14C1A4280)
04:52:54.817249	INFO	[Legacy File Load Tracking] TryFindFile data/ui/fonts/Times New Roman.ttf. Result = false. find_encrypted = true is_modded = false, chunk = {eebdd300-0000-0000-90c7-616802000000}, start = 0xF2283EB8, end = 0x140620FEE, offset = 0xF2283EB8, size = 0x14C1A4280)
04:52:54.818222	INFO	[Legacy File Load Tracking] TryFindFile data/ui/fonts/Times New Roman.ttf. Result = false. find_encrypted = true is_modded = false, chunk = {eebdd300-0000-0000-90c7-616802000000}, start = 0xF22846D8, end = 0x140620FEE, offset = 0xF22846D8, size = 0x14C1A4280)
04:52:54.819093	INFO	[Legacy File Load Tracking] TryFindFile data/ui/fonts/Times New Roman.ttf. Result = false. find_encrypted = true is_modded = false, chunk = {eebdd300-0000-0000-90cb-616802000000}, start = 0xF2284FC0, end = 0x140620FEE, offset = 0xF2284FC0, size = 0x14C1A4280)
04:52:54.820167	INFO	[Legacy File Load Tracking] TryFindFile data/ui/fonts/Times New Roman.ttf. Result = false. find_encrypted = true is_modded = false, chunk = {eebdd300-0000-0000-90cb-616802000000}, start = 0xF2287548, end = 0x140620FEE, offset = 0xF2287548, size = 0x14C1A4280)
04:52:54.880048	INFO	Press Any Key Screen Reached
04:52:54.880780	INFO	----------------------[PlatformInfo]-----------------------------
04:52:54.881110	INFO	OSVersionName:           Windows 10 Pro Version 2009 (OS Build 26200.9457) 
04:52:54.881328	INFO	processorSpeedMhz:       3693
04:52:54.881544	INFO	ProcessorIdentifier:     AMD Ryzen 5 4600G with Radeon Graphics
04:52:54.881753	INFO	numProcessors:           12
04:52:54.881960	INFO	memInstalledMb:          15760
04:52:54.882169	INFO	VideoAdapterId:          4098.29695
04:52:54.882376	INFO	VideoDriverVersion:      26.8.1 (25.10.45.05-260808a-203303C-AMD-Software-
04:52:54.882587	INFO	VideoDriverVendor:       Amd
04:52:54.882793	INFO	GPUVendor:               AMD Radeon RX 6600
04:52:54.883013	INFO	videoMemoryInstalled:    8147
04:52:54.883265	INFO	videoMemorySystem:       0
04:52:54.883506	INFO	videoMemoryShared:       7880
04:52:54.883760	INFO	Motherboard:             A320M-DA
04:52:54.883973	INFO	-----------------------------------------------------------------
04:52:54.885858	INFO	Load data/db/fifa_ng_db-meta.xml
04:52:54.886554	INFO	[Legacy File Load Tracking] TryFindFile data/db/fifa_ng_db-meta.xml. Result = true. find_encrypted = false is_modded = false, chunk = {e49b9e68-877d-a211-94db-607f30d31199}, start = 0x004CA48F, end = 0x004E7DE7, offset = 0x007E0AC2, size = 0x00158CB2)
04:52:54.887495	INFO	[Legacy File Load Tracking] LoadFile: data/db/fifa_ng_db-meta.xml. chunk = {e49b9e68-877d-a211-94db-607f30d31199}, start = 0x004CA48F, end = 0x004E7DE7, offset = 0x007E0AC2, size = 0x00158CB2
04:52:54.888198	INFO	Parse data/db/fifa_ng_db-meta.xml (1412274 bytes)
04:52:54.889113	INFO	[Legacy File Load Tracking] TryFindFile data/ui/game/components/FluxComponents/FluxAnimatedPillButton.big. Result = true. find_encrypted = true is_modded = false, chunk = {8f59d50d-ed59-77e9-4e53-54a2f3f5a955}, start = 0x00000000, end = 0x00000615, offset = 0x00000000, size = 0x00001458)
04:52:54.889998	INFO	[Legacy File Load Tracking] LoadFile: data/ui/game/components/FluxComponents/FluxAnimatedPillButton.big. chunk = {8f59d50d-ed59-77e9-4e53-54a2f3f5a955}, start = 0x00000000, end = 0x00000615, offset = 0x00000000, size = 0x00001458
04:52:54.939847	INFO	[Legacy File Load Tracking] TryFindFile data/ui/imgAssets/bootflow/logoPressStart.dds. Result = true. find_encrypted = true is_modded = false, chunk = {9337a701-8b8d-fc70-3270-2d3b72d36a4d}, start = 0x00000000, end = 0x000007CF, offset = 0x00000000, size = 0x00004080)
04:52:54.940371	INFO	[Legacy File Load Tracking] LoadFile: data/ui/imgAssets/bootflow/logoPressStart.dds. chunk = {9337a701-8b8d-fc70-3270-2d3b72d36a4d}, start = 0x00000000, end = 0x000007CF, offset = 0x00000000, size = 0x00004080
04:52:55.241978	INFO	[Legacy File Load Tracking] TryFindFile data/ui/imgAssets/background/bg_bootflow.dds. Result = true. find_encrypted = true is_modded = false, chunk = {f6a5646b-1cdd-6d9d-6cf3-750f472c49a9}, start = 0x00000000, end = 0x004B7824, offset = 0x00000000, size = 0x00FD2080)
04:52:55.242389	INFO	[Legacy File Load Tracking] LoadFile: data/ui/imgAssets/background/bg_bootflow.dds. chunk = {f6a5646b-1cdd-6d9d-6cf3-750f472c49a9}, start = 0x00000000, end = 0x004B7824, offset = 0x00000000, size = 0x00FD2080
04:52:55.249191	INFO	[Legacy File Load Tracking] LoadFile: data/ui/imgAssets/background/bg_bootflow.dds. chunk = {f6a5646b-1cdd-6d9d-6cf3-750f472c49a9}, start = 0x00000000, end = 0x004B7824, offset = 0x00000000, size = 0x00FD2080
04:52:55.256771	INFO	[Legacy File Load Tracking] LoadFile: data/ui/imgAssets/background/bg_bootflow.dds. chunk = {f6a5646b-1cdd-6d9d-6cf3-750f472c49a9}, start = 0x00000000, end = 0x004B7824, offset = 0x00000000, size = 0x00FD2080
04:52:55.269269	INFO	[Legacy File Load Tracking] LoadFile: data/ui/imgAssets/background/bg_bootflow.dds. chunk = {f6a5646b-1cdd-6d9d-6cf3-750f472c49a9}, start = 0x00000000, end = 0x004B7824, offset = 0x00000000, size = 0x00FD2080
04:52:55.276852	INFO	[Legacy File Load Tracking] LoadFile: data/ui/imgAssets/background/bg_bootflow.dds. chunk = {f6a5646b-1cdd-6d9d-6cf3-750f472c49a9}, start = 0x00000000, end = 0x004B7824, offset = 0x00000000, size = 0x00FD2080
04:52:55.284742	INFO	[Legacy File Load Tracking] LoadFile: data/ui/imgAssets/background/bg_bootflow.dds. chunk = {f6a5646b-1cdd-6d9d-6cf3-750f472c49a9}, start = 0x00000000, end = 0x004B7824, offset = 0x00000000, size = 0x00FD2080
04:52:55.297480	INFO	[Legacy File Load Tracking] LoadFile: data/ui/imgAssets/background/bg_bootflow.dds. chunk = {f6a5646b-1cdd-6d9d-6cf3-750f472c49a9}, start = 0x00000000, end = 0x004B7824, offset = 0x00000000, size = 0x00FD2080
04:52:55.305079	INFO	[Legacy File Load Tracking] LoadFile: data/ui/imgAssets/background/bg_bootflow.dds. chunk = {f6a5646b-1cdd-6d9d-6cf3-750f472c49a9}, start = 0x00000000, end = 0x004B7824, offset = 0x00000000, size = 0x00FD2080
04:52:55.312813	INFO	[Legacy File Load Tracking] LoadFile: data/ui/imgAssets/background/bg_bootflow.dds. chunk = {f6a5646b-1cdd-6d9d-6cf3-750f472c49a9}, start = 0x00000000, end = 0x004B7824, offset = 0x00000000, size = 0x00FD2080
04:52:55.325706	INFO	[Legacy File Load Tracking] LoadFile: data/ui/imgAssets/background/bg_bootflow.dds. chunk = {f6a5646b-1cdd-6d9d-6cf3-750f472c49a9}, start = 0x00000000, end = 0x004B7824, offset = 0x00000000, size = 0x00FD2080
04:52:55.634941	INFO	[LE::GameLocalizationManager::LoadCustomTeamNames] Start
04:52:55.639690	INFO	[LE::HotkeyManager::Init] Start
04:52:55.640119	INFO	[LE::HotkeyManager::Init] Done
04:52:55.640444	INFO	[LE::DetoursManager::InstallDX12Hooks] Start
04:52:55.640717	INFO	Setup DirectX12 Hooks
04:52:55.641008	INFO	DirectX12 - Get Offsets
04:52:55.657562	INFO	[D3D12::ExecuteCommandListsD3D12] 0x7FFCFE953370 (D3D12Core.dll+0x00003370) is at module D3D12Core.dll (C:\Jogos\EA SPORTS FC 27\x64\D3D12Core.dll) 48 89 5C 24 08 48 89 6C 24 10 48 89 74 24 18 57 
04:52:55.658984	INFO	[D3D12::Present] 0x7FFD3C379530 (dxgi.dll+0x00019530) is at module dxgi.dll (C:\WINDOWS\SYSTEM32\dxgi.dll) 48 89 5C 24 10 48 89 74 24 18 55 57 41 56 48 8D 
04:52:55.660174	INFO	[D3D12::ResizeBuffers] 0x7FFD3C397180 (dxgi.dll+0x00037180) is at module dxgi.dll (C:\WINDOWS\SYSTEM32\dxgi.dll) 48 8B C4 44 89 48 20 44 89 40 18 89 50 10 48 89 
04:52:55.661566	INFO	[D3D12::ResizeBuffers1] 0x7FFD3C3F7C60 (dxgi.dll+0x00097C60) is at module dxgi.dll (C:\WINDOWS\SYSTEM32\dxgi.dll) 48 8B C4 44 89 48 20 44 89 40 18 89 50 10 48 89 
04:52:55.674621	INFO	DirectX12 - Initialize attempt: 1
04:52:55.697653	INFO	[LE::GUI::SetupImGUI] Start
04:52:55.699178	INFO	[LE::GUI::SetupImGUI] Done
04:52:55.699565	INFO	DirectX12 - SwapChainDesc1 Format=24
04:52:55.709693	INFO	DirectX12 - Present initialized
04:52:55.715290	INFO	Font Size: 15.0
04:52:55.894118	INFO	[LE::GUI::Init] Start
04:52:56.398673	ERROR	Can't find pattern 8B C3 99 41 F7 FF 48 8D 15 ?? ?? ?? ?? 8B D8 89 44 24 20 E8
04:52:57.345303	ERROR	Can't find pattern 8B D3 E8 ?? ?? ?? ?? 48 8B CD 45 33 F6 E8
04:52:58.224873	ERROR	Can't find pattern 44 8B C5 48 8B CB E8 ?? ?? ?? ?? 4C 8B AC 24 A0 00 00 00
04:52:58.225308	INFO	Waiting for main menu
04:52:58.229311	INFO	[LE::PlayerPresetManager::Load] Start
04:52:58.230183	INFO	[LE::PlayerPresetManager::Load] Done
04:52:58.230629	INFO	[LE::GUI::Init] Done
04:52:58.239278	INFO	DirectX12 - Initialize attempt: 1
04:52:58.257810	INFO	DirectX12 - SwapChainDesc1 Format=24
04:52:58.289282	INFO	DirectX12 - Present initialized
04:52:58.291699	INFO	[Legacy File Load Tracking] TryFindFile data/ui/nav/online/onlineLoginFlow.nav. Result = true. find_encrypted = true is_modded = false, chunk = {ca538e88-ccf9-a92d-712f-a71ec2c3bb4d}, start = 0x01348B1D, end = 0x01355ECC, offset = 0x0B07DBDD, size = 0x00000D36)
04:52:58.292252	INFO	[Legacy File Load Tracking] LoadFile: data/ui/nav/online/onlineLoginFlow.nav. chunk = {ca538e88-ccf9-a92d-712f-a71ec2c3bb4d}, start = 0x01348B1D, end = 0x01355ECC, offset = 0x0B07DBDD, size = 0x00000D36
04:52:59.438555	INFO	[Legacy File Load Tracking] TryFindFile data/ui/nav/online/thirdPartyOptInFlow.nav. Result = true. find_encrypted = true is_modded = false, chunk = {ca538e88-ccf9-a92d-712f-a71ec2c3bb4d}, start = 0x00E6F25F, end = 0x00E7C58E, offset = 0x07C275F2, size = 0x00000EB7)
04:52:59.438955	INFO	[Legacy File Load Tracking] LoadFile: data/ui/nav/online/thirdPartyOptInFlow.nav. chunk = {ca538e88-ccf9-a92d-712f-a71ec2c3bb4d}, start = 0x00E6F25F, end = 0x00E7C58E, offset = 0x07C275F2, size = 0x00000EB7
04:52:59.453774	INFO	[Legacy File Load Tracking] TryFindFile data/ui/nav/liveAttribDBFlow.nav. Result = true. find_encrypted = true is_modded = false, chunk = {ca538e88-ccf9-a92d-712f-a71ec2c3bb4d}, start = 0x002F2DCF, end = 0x0030182D, offset = 0x014705CA, size = 0x00000357)
04:52:59.453853	INFO	[Legacy File Load Tracking] TryFindFile cfgrouting.xml. Result = true. find_encrypted = true is_modded = false, chunk = {17b0e97c-5bb9-59a7-b894-26b0d333df81}, start = 0x00000000, end = 0x000001D7, offset = 0x00000000, size = 0x00000563)
04:52:59.454153	INFO	[Legacy File Load Tracking] LoadFile: data/ui/nav/liveAttribDBFlow.nav. chunk = {ca538e88-ccf9-a92d-712f-a71ec2c3bb4d}, start = 0x002F2DCF, end = 0x0030182D, offset = 0x014705CA, size = 0x00000357
04:52:59.454466	INFO	[Legacy File Load Tracking] LoadFile: cfgrouting.xml. chunk = {17b0e97c-5bb9-59a7-b894-26b0d333df81}, start = 0x00000000, end = 0x000001D7, offset = 0x00000000, size = 0x00000563
04:52:59.455548	INFO	[Legacy File Load Tracking] TryFindFile data/store/dimecfg.xml. Result = true. find_encrypted = true is_modded = false, chunk = {cc1451be-ab8c-d0ba-a504-969d54629c3d}, start = 0x00ADBC79, end = 0x00AE66DC, offset = 0x03C2ED00, size = 0x0000B058)
04:52:59.455956	INFO	[Legacy File Load Tracking] LoadFile: data/store/dimecfg.xml. chunk = {cc1451be-ab8c-d0ba-a504-969d54629c3d}, start = 0x00ADBC79, end = 0x00AE66DC, offset = 0x03C2ED00, size = 0x0000B058
04:52:59.456899	INFO	[Legacy File Load Tracking] TryFindFile data/store/storecfg.xml. Result = true. find_encrypted = true is_modded = false, chunk = {cc1451be-ab8c-d0ba-a504-969d54629c3d}, start = 0x00A2519E, end = 0x00A3172C, offset = 0x0371F086, size = 0x00002D5A)
04:52:59.457270	INFO	[Legacy File Load Tracking] LoadFile: data/store/storecfg.xml. chunk = {cc1451be-ab8c-d0ba-a504-969d54629c3d}, start = 0x00A2519E, end = 0x00A3172C, offset = 0x0371F086, size = 0x00002D5A
04:52:59.486784	INFO	[Legacy File Load Tracking] TryFindFile data/ui/nav/seamlessContentUpdate.nav. Result = true. find_encrypted = true is_modded = false, chunk = {ca538e88-ccf9-a92d-712f-a71ec2c3bb4d}, start = 0x00D121C0, end = 0x00D21FAD, offset = 0x06DB233B, size = 0x000009FE)
04:52:59.487167	INFO	[Legacy File Load Tracking] LoadFile: data/ui/nav/seamlessContentUpdate.nav. chunk = {ca538e88-ccf9-a92d-712f-a71ec2c3bb4d}, start = 0x00D121C0, end = 0x00D21FAD, offset = 0x06DB233B, size = 0x000009FE
04:52:59.494318	INFO	[LE::GUI::UIInitDoneNotify] Start
04:52:59.494791	INFO	Press F9 to show Live Editor UI
04:52:59.503078	INFO	[Legacy File Load Tracking] TryFindFile data/ui/nav/assetUpdateFlow.nav. Result = true. find_encrypted = true is_modded = false, chunk = {ca538e88-ccf9-a92d-712f-a71ec2c3bb4d}, start = 0x01269F4F, end = 0x0127974C, offset = 0x0A7044FE, size = 0x00000181)
04:52:59.503483	INFO	[Legacy File Load Tracking] LoadFile: data/ui/nav/assetUpdateFlow.nav. chunk = {ca538e88-ccf9-a92d-712f-a71ec2c3bb4d}, start = 0x01269F4F, end = 0x0127974C, offset = 0x0A7044FE, size = 0x00000181
04:52:59.521187	INFO	[Legacy File Load Tracking] TryFindFile data/ui/layout/SeamlessContentUpdateCfg.xml. Result = true. find_encrypted = true is_modded = false, chunk = {a75491c4-ba85-73ff-9e25-40e5e0802ff5}, start = 0x00000000, end = 0x00000641, offset = 0x00000000, size = 0x0000173E)
04:52:59.521586	INFO	[Legacy File Load Tracking] LoadFile: data/ui/layout/SeamlessContentUpdateCfg.xml. chunk = {a75491c4-ba85-73ff-9e25-40e5e0802ff5}, start = 0x00000000, end = 0x00000641, offset = 0x00000000, size = 0x0000173E
04:52:59.537196	INFO	[Legacy File Load Tracking] TryFindFile data/ui/fonts/Times New Roman.ttf. Result = false. find_encrypted = true is_modded = false, chunk = {eebdd300-0000-0000-50d3-616802000000}, start = 0xF2320410, end = 0x140620FEE, offset = 0xF2320410, size = 0x14C1A4280)
04:52:59.537867	INFO	[Legacy File Load Tracking] TryFindFile data/ui/fonts/Times New Roman.ttf. Result = false. find_encrypted = true is_modded = false, chunk = {eebdd300-0000-0000-50d3-616802000000}, start = 0xF231E118, end = 0x140620FEE, offset = 0xF231E118, size = 0x14C1A4280)
04:52:59.538499	INFO	[Legacy File Load Tracking] TryFindFile data/ui/fonts/Times New Roman.ttf. Result = false. find_encrypted = true is_modded = false, chunk = {eebdd300-0000-0000-10d3-616802000000}, start = 0xF231F1B8, end = 0x140620FEE, offset = 0xF231F1B8, size = 0x14C1A4280)
04:52:59.539095	INFO	[Legacy File Load Tracking] TryFindFile data/ui/fonts/Times New Roman.ttf. Result = false. find_encrypted = true is_modded = false, chunk = {eebdd300-0000-0000-10d3-616802000000}, start = 0xF231E5B0, end = 0x140620FEE, offset = 0xF231E5B0, size = 0x14C1A4280)
04:52:59.543079	INFO	[Legacy File Load Tracking] TryFindFile data/ui/fonts/Times New Roman.ttf. Result = false. find_encrypted = true is_modded = false, chunk = {eebdd300-0000-0000-10c6-616802000000}, start = 0xF2378918, end = 0x140620FEE, offset = 0xF2378918, size = 0x14C1A4280)
04:52:59.544194	INFO	[Legacy File Load Tracking] TryFindFile data/ui/fonts/Times New Roman.ttf. Result = false. find_encrypted = true is_modded = false, chunk = {eebdd300-0000-0000-10c6-616802000000}, start = 0xF2379990, end = 0x140620FEE, offset = 0xF2379990, size = 0x14C1A4280)
04:52:59.546840	INFO	[Legacy File Load Tracking] TryFindFile data/ui/fonts/Times New Roman.ttf. Result = false. find_encrypted = true is_modded = false, chunk = {eebdd300-0000-0000-90c7-616802000000}, start = 0xF2382A90, end = 0x140620FEE, offset = 0xF2382A90, size = 0x14C1A4280)
04:52:59.547634	INFO	[Legacy File Load Tracking] TryFindFile data/ui/fonts/Times New Roman.ttf. Result = false. find_encrypted = true is_modded = false, chunk = {eebdd300-0000-0000-90c7-616802000000}, start = 0xF23832F0, end = 0x140620FEE, offset = 0xF23832F0, size = 0x14C1A4280)
04:52:59.548668	INFO	[Legacy File Load Tracking] TryFindFile data/ui/fonts/Times New Roman.ttf. Result = false. find_encrypted = true is_modded = false, chunk = {eebdd300-0000-0000-90c7-616802000000}, start = 0xF2383E58, end = 0x140620FEE, offset = 0xF2383E58, size = 0x14C1A4280)
04:52:59.549290	INFO	[Legacy File Load Tracking] TryFindFile data/ui/fonts/Times New Roman.ttf. Result = false. find_encrypted = true is_modded = false, chunk = {eebdd300-0000-0000-90c7-616802000000}, start = 0xF23846B8, end = 0x140620FEE, offset = 0xF23846B8, size = 0x14C1A4280)
04:52:59.550135	INFO	[Legacy File Load Tracking] TryFindFile data/ui/fonts/Times New Roman.ttf. Result = false. find_encrypted = true is_modded = false, chunk = {eebdd300-0000-0000-90cb-616802000000}, start = 0xF2385020, end = 0x140620FEE, offset = 0xF2385020, size = 0x14C1A4280)
04:52:59.551384	INFO	[Legacy File Load Tracking] TryFindFile data/ui/fonts/Times New Roman.ttf. Result = false. find_encrypted = true is_modded = false, chunk = {eebdd300-0000-0000-90cb-616802000000}, start = 0xF23876E8, end = 0x140620FEE, offset = 0xF23876E8, size = 0x14C1A4280)
04:52:59.560110	INFO	[Legacy File Load Tracking] TryFindFile data/ui/nav/fixturesDownloadFlow.nav. Result = true. find_encrypted = true is_modded = false, chunk = {ca538e88-ccf9-a92d-712f-a71ec2c3bb4d}, start = 0x00AAD2E7, end = 0x00ABB26F, offset = 0x04CB9A08, size = 0x00000103)
04:52:59.560666	INFO	[Legacy File Load Tracking] LoadFile: data/ui/nav/fixturesDownloadFlow.nav. chunk = {ca538e88-ccf9-a92d-712f-a71ec2c3bb4d}, start = 0x00AAD2E7, end = 0x00ABB26F, offset = 0x04CB9A08, size = 0x00000103
04:52:59.603161	INFO	[Legacy File Load Tracking] TryFindFile data/ui/nav/online/eaAccessBootflowCheckFlow.nav. Result = true. find_encrypted = true is_modded = false, chunk = {ca538e88-ccf9-a92d-712f-a71ec2c3bb4d}, start = 0x00FA9E63, end = 0x00FB2357, offset = 0x0848F517, size = 0x0000115C)
04:52:59.603655	INFO	[Legacy File Load Tracking] LoadFile: data/ui/nav/online/eaAccessBootflowCheckFlow.nav. chunk = {ca538e88-ccf9-a92d-712f-a71ec2c3bb4d}, start = 0x00FA9E63, end = 0x00FB2357, offset = 0x0848F517, size = 0x0000115C
04:52:59.620046	INFO	[Legacy File Load Tracking] TryFindFile data/ui/nav/loyaltyRewardFlow.nav. Result = true. find_encrypted = true is_modded = false, chunk = {ca538e88-ccf9-a92d-712f-a71ec2c3bb4d}, start = 0x0124B155, end = 0x01251E4D, offset = 0x0A447D73, size = 0x000015D5)
04:52:59.620627	INFO	[Legacy File Load Tracking] LoadFile: data/ui/nav/loyaltyRewardFlow.nav. chunk = {ca538e88-ccf9-a92d-712f-a71ec2c3bb4d}, start = 0x0124B155, end = 0x01251E4D, offset = 0x0A447D73, size = 0x000015D5
04:52:59.653101	INFO	[Legacy File Load Tracking] TryFindFile data/ui/nav/loyaltyRewardFlow.nav. Result = true. find_encrypted = true is_modded = false, chunk = {ca538e88-ccf9-a92d-712f-a71ec2c3bb4d}, start = 0x0124B155, end = 0x01251E4D, offset = 0x0A447D73, size = 0x000015D5)
04:52:59.653451	INFO	[Legacy File Load Tracking] LoadFile: data/ui/nav/loyaltyRewardFlow.nav. chunk = {ca538e88-ccf9-a92d-712f-a71ec2c3bb4d}, start = 0x0124B155, end = 0x01251E4D, offset = 0x0A447D73, size = 0x000015D5
04:52:59.687574	INFO	[Legacy File Load Tracking] TryFindFile data/ui/nav/onboarding/onboarding11v11.nav. Result = true. find_encrypted = true is_modded = false, chunk = {ca538e88-ccf9-a92d-712f-a71ec2c3bb4d}, start = 0x007FE279, end = 0x0080426B, offset = 0x038DE2BC, size = 0x00004303)
04:52:59.688030	INFO	[Legacy File Load Tracking] LoadFile: data/ui/nav/onboarding/onboarding11v11.nav. chunk = {ca538e88-ccf9-a92d-712f-a71ec2c3bb4d}, start = 0x007FE279, end = 0x0080426B, offset = 0x038DE2BC, size = 0x00004303
04:52:59.694061	INFO	[Legacy File Load Tracking] TryFindFile data/ui/imgAssets/background/bg_.dds. Result = false. find_encrypted = true is_modded = false, chunk = {ca538e88-ccf9-a92d-712f-a71ec2c3bb4d}, start = 0x007FE279, end = 0x0080426B, offset = 0x34FB82B0, size = 0x00CC2FA0)
04:52:59.704933	INFO	[Legacy File Load Tracking] TryFindFile data/ui/layout/onboardingcfg.xml. Result = true. find_encrypted = true is_modded = false, chunk = {d200dc3d-c91c-0595-5299-dd16a02bff3d}, start = 0x00000000, end = 0x00000243, offset = 0x00000000, size = 0x0000043B)
04:52:59.705338	INFO	[Legacy File Load Tracking] LoadFile: data/ui/layout/onboardingcfg.xml. chunk = {d200dc3d-c91c-0595-5299-dd16a02bff3d}, start = 0x00000000, end = 0x00000243, offset = 0x00000000, size = 0x0000043B
04:52:59.720112	INFO	[Legacy File Load Tracking] TryFindFile data/ui/game/widgets/SubtitleWidget.big. Result = true. find_encrypted = true is_modded = false, chunk = {49d5ab83-a89c-e1d5-3b1f-fde72163e241}, start = 0x00000000, end = 0x00000D5A, offset = 0x00000000, size = 0x00002ED8)
04:52:59.720529	INFO	[Legacy File Load Tracking] LoadFile: data/ui/game/widgets/SubtitleWidget.big. chunk = {49d5ab83-a89c-e1d5-3b1f-fde72163e241}, start = 0x00000000, end = 0x00000D5A, offset = 0x00000000, size = 0x00002ED8
04:52:59.737370	INFO	[Legacy File Load Tracking] TryFindFile data/ui/nav/mainFeFlow.nav. Result = true. find_encrypted = true is_modded = false, chunk = {ca538e88-ccf9-a92d-712f-a71ec2c3bb4d}, start = 0x0082B745, end = 0x00840618, offset = 0x039EF852, size = 0x00025F35)
04:52:59.737717	INFO	[Legacy File Load Tracking] LoadFile: data/ui/nav/mainFeFlow.nav. chunk = {ca538e88-ccf9-a92d-712f-a71ec2c3bb4d}, start = 0x0082B745, end = 0x00840618, offset = 0x039EF852, size = 0x00025F35
04:52:59.761156	INFO	[Legacy File Load Tracking] TryFindFile data/ui/layout/musiccalloutswidgetcfg.xml. Result = true. find_encrypted = true is_modded = false, chunk = {d01d919f-c6e7-6d1d-7377-942055f98365}, start = 0x00000000, end = 0x000007C3, offset = 0x00000000, size = 0x00005517)
04:52:59.761561	INFO	[Legacy File Load Tracking] LoadFile: data/ui/layout/musiccalloutswidgetcfg.xml. chunk = {d01d919f-c6e7-6d1d-7377-942055f98365}, start = 0x00000000, end = 0x000007C3, offset = 0x00000000, size = 0x00005517
04:52:59.763339	INFO	[Legacy File Load Tracking] TryFindFile data/ui/nav/reloadfestadiumflow.nav. Result = true. find_encrypted = true is_modded = false, chunk = {ca538e88-ccf9-a92d-712f-a71ec2c3bb4d}, start = 0x00840618, end = 0x008500D0, offset = 0x03A7F12A, size = 0x00000B3C)
04:52:59.763703	INFO	[Legacy File Load Tracking] LoadFile: data/ui/nav/reloadfestadiumflow.nav. chunk = {ca538e88-ccf9-a92d-712f-a71ec2c3bb4d}, start = 0x00840618, end = 0x008500D0, offset = 0x03A7F12A, size = 0x00000B3C
04:52:59.776936	INFO	[Legacy File Load Tracking] TryFindFile data/ui/game/background/BackgroundFIFA.big. Result = true. find_encrypted = true is_modded = false, chunk = {ca538e88-ccf9-a92d-712f-a71ec2c3bb4d}, start = 0x007EEA98, end = 0x007F4E33, offset = 0x03820653, size = 0x00007AD0)
04:52:59.777358	INFO	[Legacy File Load Tracking] LoadFile: data/ui/game/background/BackgroundFIFA.big. chunk = {ca538e88-ccf9-a92d-712f-a71ec2c3bb4d}, start = 0x007EEA98, end = 0x007F4E33, offset = 0x03820653, size = 0x00007AD0
04:52:59.779670	INFO	[Legacy File Load Tracking] TryFindFile data/ui/fonts/Times New Roman.ttf. Result = false. find_encrypted = true is_modded = false, chunk = {eebdd300-0000-0000-10c6-616802000000}, start = 0xF1C56B30, end = 0x140620FEE, offset = 0xF1C56B30, size = 0x14C1A4280)
04:52:59.780515	INFO	[Legacy File Load Tracking] TryFindFile data/ui/fonts/Times New Roman.ttf. Result = false. find_encrypted = true is_modded = false, chunk = {eebdd300-0000-0000-10c6-616802000000}, start = 0xF21F6598, end = 0x140620FEE, offset = 0xF21F6598, size = 0x14C1A4280)
04:52:59.783083	INFO	[Legacy File Load Tracking] TryFindFile data/ui/fonts/Times New Roman.ttf. Result = false. find_encrypted = true is_modded = false, chunk = {eebdd300-0000-0000-90c7-616802000000}, start = 0xF1D83388, end = 0x140620FEE, offset = 0xF1D83388, size = 0x14C1A4280)
04:52:59.783916	INFO	[Legacy File Load Tracking] TryFindFile data/ui/fonts/Times New Roman.ttf. Result = false. find_encrypted = true is_modded = false, chunk = {eebdd300-0000-0000-90c7-616802000000}, start = 0xF1D83698, end = 0x140620FEE, offset = 0xF1D83698, size = 0x14C1A4280)
04:52:59.784801	INFO	[Legacy File Load Tracking] TryFindFile data/ui/fonts/Times New Roman.ttf. Result = false. find_encrypted = true is_modded = false, chunk = {eebdd300-0000-0000-90c7-616802000000}, start = 0xF1D838D0, end = 0x140620FEE, offset = 0xF1D838D0, size = 0x14C1A4280)
04:52:59.785701	INFO	[Legacy File Load Tracking] TryFindFile data/ui/fonts/Times New Roman.ttf. Result = false. find_encrypted = true is_modded = false, chunk = {eebdd300-0000-0000-90c7-616802000000}, start = 0xF1D84748, end = 0x140620FEE, offset = 0xF1D84748, size = 0x14C1A4280)
04:52:59.786541	INFO	[Legacy File Load Tracking] TryFindFile data/ui/fonts/Times New Roman.ttf. Result = false. find_encrypted = true is_modded = false, chunk = {eebdd300-0000-0000-90cb-616802000000}, start = 0xF1D88E70, end = 0x140620FEE, offset = 0xF1D88E70, size = 0x14C1A4280)
04:52:59.787608	INFO	[Legacy File Load Tracking] TryFindFile data/ui/fonts/Times New Roman.ttf. Result = false. find_encrypted = true is_modded = false, chunk = {eebdd300-0000-0000-90cb-616802000000}, start = 0xF1D89698, end = 0x140620FEE, offset = 0xF1D89698, size = 0x14C1A4280)
04:52:59.801547	INFO	[Legacy File Load Tracking] TryFindFile data/ui/imgAssets/backgroundStadiums/st_default.dds. Result = true. find_encrypted = true is_modded = false, chunk = {2b395354-8eea-7879-c3a7-084b0d930961}, start = 0x00000000, end = 0x002FF3C5, offset = 0x00000000, size = 0x009E3480)
04:52:59.802014	INFO	[Legacy File Load Tracking] LoadFile: data/ui/imgAssets/backgroundStadiums/st_default.dds. chunk = {2b395354-8eea-7879-c3a7-084b0d930961}, start = 0x00000000, end = 0x002FF3C5, offset = 0x00000000, size = 0x009E3480
04:52:59.807564	INFO	[Legacy File Load Tracking] LoadFile: data/ui/imgAssets/backgroundStadiums/st_default.dds. chunk = {2b395354-8eea-7879-c3a7-084b0d930961}, start = 0x00000000, end = 0x002FF3C5, offset = 0x00000000, size = 0x009E3480
04:52:59.812460	INFO	[Legacy File Load Tracking] LoadFile: data/ui/imgAssets/backgroundStadiums/st_default.dds. chunk = {2b395354-8eea-7879-c3a7-084b0d930961}, start = 0x00000000, end = 0x002FF3C5, offset = 0x00000000, size = 0x009E3480
04:52:59.821057	INFO	[Legacy File Load Tracking] LoadFile: data/ui/imgAssets/backgroundStadiums/st_default.dds. chunk = {2b395354-8eea-7879-c3a7-084b0d930961}, start = 0x00000000, end = 0x002FF3C5, offset = 0x00000000, size = 0x009E3480
04:52:59.825149	INFO	[Legacy File Load Tracking] LoadFile: data/ui/imgAssets/backgroundStadiums/st_default.dds. chunk = {2b395354-8eea-7879-c3a7-084b0d930961}, start = 0x00000000, end = 0x002FF3C5, offset = 0x00000000, size = 0x009E3480
04:52:59.830110	INFO	[Legacy File Load Tracking] LoadFile: data/ui/imgAssets/backgroundStadiums/st_default.dds. chunk = {2b395354-8eea-7879-c3a7-084b0d930961}, start = 0x00000000, end = 0x002FF3C5, offset = 0x00000000, size = 0x009E3480
04:52:59.936734	INFO	[Legacy File Load Tracking] TryFindFile fifamuse/musedata-default_fe.big. Result = true. find_encrypted = true is_modded = false, chunk = {af944180-06cd-fd0e-42d8-6c089bcd1b01}, start = 0x00000000, end = 0x000027EB, offset = 0x00000000, size = 0x000047D0)
04:52:59.941229	INFO	[Legacy File Load Tracking] TryFindFile fifamuse/musedata-default.big. Result = true. find_encrypted = true is_modded = false, chunk = {6a4fd138-915d-2eb4-e08c-e5a4a99e8d49}, start = 0x00000000, end = 0x00002B27, offset = 0x00000000, size = 0x000048D0)
04:52:59.944843	INFO	[Legacy File Load Tracking] TryFindFile data/broadcasting/overlays/overlays.xml. Result = true. find_encrypted = true is_modded = false, chunk = {3a7d802d-6b65-db3f-c8b8-9b31e7d6da05}, start = 0x00000000, end = 0x0000306D, offset = 0x00000000, size = 0x0003108D)
04:53:00.086798	INFO	[Legacy File Load Tracking] TryFindFile data/ui/nav/reloadfestadiumflow.nav. Result = true. find_encrypted = true is_modded = false, chunk = {ca538e88-ccf9-a92d-712f-a71ec2c3bb4d}, start = 0x00840618, end = 0x008500D0, offset = 0x03A7F12A, size = 0x00000B3C)
04:53:00.087245	INFO	[Legacy File Load Tracking] LoadFile: data/ui/nav/reloadfestadiumflow.nav. chunk = {ca538e88-ccf9-a92d-712f-a71ec2c3bb4d}, start = 0x00840618, end = 0x008500D0, offset = 0x03A7F12A, size = 0x00000B3C
04:53:00.258401	INFO	[Legacy File Load Tracking] TryFindFile data/db/fifa_storage_db.db. Result = true. find_encrypted = true is_modded = false, chunk = {9e854e34-7342-e82e-6609-73cd3bc16dd6}, start = 0x00000000, end = 0x01D6A10C, offset = 0x00000000, size = 0x01D6A10C)
04:53:00.292432	INFO	[Legacy File Load Tracking] TryFindFile data/ui/imgAssets/crest/dark/l52.dds. Result = true. find_encrypted = true is_modded = false, chunk = {2f346403-0eea-eab7-748a-564ea5db84a9}, start = 0x00000000, end = 0x0000C009, offset = 0x00000000, size = 0x00055080)
04:53:00.302984	INFO	[Legacy File Load Tracking] TryFindFile data/ui/imgAssets/crest/dark/l21.dds. Result = true. find_encrypted = true is_modded = false, chunk = {d5aa778b-051c-b5f0-612a-455c787f64e5}, start = 0x00000000, end = 0x0000E7A0, offset = 0x00000000, size = 0x00055080)
04:53:00.310310	INFO	[Legacy File Load Tracking] TryFindFile data/ui/imgAssets/crest/ssf/l243.dds. Result = false. find_encrypted = true is_modded = false, chunk = {ca538e88-ccf9-a92d-712f-a71ec2c3bb4d}, start = 0x00840618, end = 0x008500D0, offset = 0x3491F2D0, size = 0x00CC2FA0)
04:53:00.311093	INFO	[Legacy File Load Tracking] TryFindFile data/ui/imgAssets/crest/dark/l243.dds. Result = true. find_encrypted = true is_modded = false, chunk = {b4220a87-7fbd-42f6-2179-0a03c906d845}, start = 0x00000000, end = 0x00010651, offset = 0x00000000, size = 0x00055080)
04:53:00.311408	INFO	[Legacy File Load Tracking] TryFindFile data/ui/imgAssets/crest/ssf/l113002.dds. Result = false. find_encrypted = true is_modded = false, chunk = {ca538e88-ccf9-a92d-712f-a71ec2c3bb4d}, start = 0x00840618, end = 0x008500D0, offset = 0x3491F2D0, size = 0x00CC2FA0)
04:53:00.312677	INFO	[Legacy File Load Tracking] TryFindFile data/ui/imgAssets/crest1024x1024/dark/243.dds. Result = true. find_encrypted = true is_modded = false, chunk = {4a98f02f-6cb2-ba77-8423-2765b29aa01d}, start = 0x00000000, end = 0x0000954C, offset = 0x00000000, size = 0x00100080)
04:53:00.313409	INFO	[Legacy File Load Tracking] LoadFile: data/ui/imgAssets/crest1024x1024/dark/243.dds. chunk = {4a98f02f-6cb2-ba77-8423-2765b29aa01d}, start = 0x00000000, end = 0x0000954C, offset = 0x00000000, size = 0x00100080
04:53:00.324616	INFO	[Legacy File Load Tracking] TryFindFile data/ui/imgAssets/crest/custom/l113002.dds. Result = false. find_encrypted = true is_modded = false, chunk = {4a98f02f-6cb2-ba77-8423-2765b29aa01d}, start = 0x00000000, end = 0x0000954C, offset = 0x348EED00, size = 0x00CC2FA0)
04:53:00.325537	INFO	[Legacy File Load Tracking] TryFindFile data/ui/imgAssets/crest/custom/l243.dds. Result = false. find_encrypted = true is_modded = false, chunk = {4a98f02f-6cb2-ba77-8423-2765b29aa01d}, start = 0x00000000, end = 0x0000954C, offset = 0x348EED00, size = 0x00CC2FA0)
04:53:00.326418	INFO	[Legacy File Load Tracking] TryFindFile data/ui/imgAssets/crest1024x1024/light/243.dds. Result = true. find_encrypted = true is_modded = false, chunk = {658b28d7-2f84-54bd-3bac-7facb5778685}, start = 0x00000000, end = 0x0000954C, offset = 0x00000000, size = 0x00100080)
04:53:00.327147	INFO	[Legacy File Load Tracking] LoadFile: data/ui/imgAssets/crest1024x1024/light/243.dds. chunk = {658b28d7-2f84-54bd-3bac-7facb5778685}, start = 0x00000000, end = 0x0000954C, offset = 0x00000000, size = 0x00100080
04:53:00.332302	INFO	[Legacy File Load Tracking] TryFindFile data/ui/imgAssets/crest/dark/l113002.dds. Result = true. find_encrypted = true is_modded = false, chunk = {06728ed0-bdb1-86a5-6e1d-91c0d40fb155}, start = 0x00000000, end = 0x0000FE5A, offset = 0x00000000, size = 0x00055080)
04:53:00.332914	INFO	[Legacy File Load Tracking] LoadFile: data/ui/imgAssets/crest/dark/l113002.dds. chunk = {06728ed0-bdb1-86a5-6e1d-91c0d40fb155}, start = 0x00000000, end = 0x0000FE5A, offset = 0x00000000, size = 0x00055080
04:53:00.337741	INFO	[Legacy File Load Tracking] TryFindFile data/ui/imgAssets/crest/dark/l243.dds. Result = true. find_encrypted = true is_modded = false, chunk = {b4220a87-7fbd-42f6-2179-0a03c906d845}, start = 0x00000000, end = 0x00010651, offset = 0x00000000, size = 0x00055080)
04:53:00.338247	INFO	[Legacy File Load Tracking] LoadFile: data/ui/imgAssets/crest/dark/l243.dds. chunk = {b4220a87-7fbd-42f6-2179-0a03c906d845}, start = 0x00000000, end = 0x00010651, offset = 0x00000000, size = 0x00055080
04:53:00.340272	INFO	[Legacy File Load Tracking] TryFindFile data/ui/imgAssets/crest/light/l113002.dds. Result = true. find_encrypted = true is_modded = false, chunk = {f5d9a39c-b78d-b623-44e0-539284551111}, start = 0x00000000, end = 0x0000FE5A, offset = 0x00000000, size = 0x00055080)
04:53:00.340682	INFO	[Legacy File Load Tracking] LoadFile: data/ui/imgAssets/crest/light/l113002.dds. chunk = {f5d9a39c-b78d-b623-44e0-539284551111}, start = 0x00000000, end = 0x0000FE5A, offset = 0x00000000, size = 0x00055080
04:53:00.342294	INFO	[Legacy File Load Tracking] TryFindFile data/ui/imgAssets/crest/light/l243.dds. Result = true. find_encrypted = true is_modded = false, chunk = {9ab2485e-f2a9-04c6-e814-7bf17ceccbb5}, start = 0x00000000, end = 0x00010651, offset = 0x00000000, size = 0x00055080)
04:53:00.342887	INFO	[Legacy File Load Tracking] LoadFile: data/ui/imgAssets/crest/light/l243.dds. chunk = {9ab2485e-f2a9-04c6-e814-7bf17ceccbb5}, start = 0x00000000, end = 0x00010651, offset = 0x00000000, size = 0x00055080
04:53:00.845129	INFO	[Legacy File Load Tracking] TryFindFile data/fifarna/lua/assets/pitch.lua. Result = true. find_encrypted = false is_modded = false, chunk = {3ec62401-2dd0-bd89-4ec2-1cdfd1b55e2d}, start = 0x01751831, end = 0x0175CFBF, offset = 0x0264F926, size = 0x0000640C)
04:53:03.120214	INFO	[Legacy File Load Tracking] TryFindFile data/ui/layout/fclogowidget.xml. Result = true. find_encrypted = true is_modded = false, chunk = {941f754a-6966-3acf-e864-f3bd27b9c2d5}, start = 0x00000000, end = 0x000003D6, offset = 0x00000000, size = 0x00000C66)
04:53:03.120669	INFO	[Legacy File Load Tracking] LoadFile: data/ui/layout/fclogowidget.xml. chunk = {941f754a-6966-3acf-e864-f3bd27b9c2d5}, start = 0x00000000, end = 0x000003D6, offset = 0x00000000, size = 0x00000C66
04:53:03.122629	INFO	[Legacy File Load Tracking] TryFindFile data/ui/layout/fchubcfg.xml. Result = true. find_encrypted = true is_modded = false, chunk = {8618b123-98b0-2144-8486-371e61b30985}, start = 0x00000000, end = 0x0000230F, offset = 0x00000000, size = 0x0001853D)
04:53:03.123060	INFO	[Legacy File Load Tracking] LoadFile: data/ui/layout/fchubcfg.xml. chunk = {8618b123-98b0-2144-8486-371e61b30985}, start = 0x00000000, end = 0x0000230F, offset = 0x00000000, size = 0x0001853D
04:53:03.124339	INFO	[Legacy File Load Tracking] TryFindFile data/ui/layout/loyalty/fcloyaltywidgetcfg.xml. Result = true. find_encrypted = true is_modded = false, chunk = {22d2e0f5-b1c0-e3b2-a2b9-94f2519bba3d}, start = 0x00000000, end = 0x00000762, offset = 0x00000000, size = 0x00001C95)
04:53:03.124798	INFO	[Legacy File Load Tracking] LoadFile: data/ui/layout/loyalty/fcloyaltywidgetcfg.xml. chunk = {22d2e0f5-b1c0-e3b2-a2b9-94f2519bba3d}, start = 0x00000000, end = 0x00000762, offset = 0x00000000, size = 0x00001C95
04:53:03.125637	INFO	[Legacy File Load Tracking] TryFindFile data/ui/layout/menu/navigationmenuwidget.xml. Result = true. find_encrypted = true is_modded = false, chunk = {4b2d8e60-121d-5a01-c013-f4a84909707d}, start = 0x00000000, end = 0x00001F75, offset = 0x00000000, size = 0x0000FA37)
04:53:03.126075	INFO	[Legacy File Load Tracking] LoadFile: data/ui/layout/menu/navigationmenuwidget.xml. chunk = {4b2d8e60-121d-5a01-c013-f4a84909707d}, start = 0x00000000, end = 0x00001F75, offset = 0x00000000, size = 0x0000FA37
04:53:03.136673	INFO	[Legacy File Load Tracking] TryFindFile data/ui/game/background/Background.big. Result = true. find_encrypted = true is_modded = false, chunk = {ca538e88-ccf9-a92d-712f-a71ec2c3bb4d}, start = 0x01269F4F, end = 0x0127974C, offset = 0x0A70812A, size = 0x00002298)
04:53:03.137109	INFO	[Legacy File Load Tracking] LoadFile: data/ui/game/background/Background.big. chunk = {ca538e88-ccf9-a92d-712f-a71ec2c3bb4d}, start = 0x01269F4F, end = 0x0127974C, offset = 0x0A70812A, size = 0x00002298
04:53:03.140032	INFO	[Legacy File Load Tracking] TryFindFile data/ui/fonts/Times New Roman.ttf. Result = false. find_encrypted = true is_modded = false, chunk = {eebdd300-0000-0000-10c6-616802000000}, start = 0xF2377710, end = 0x140620FEE, offset = 0xF2377710, size = 0x14C1A4280)
04:53:03.141381	INFO	[Legacy File Load Tracking] TryFindFile data/ui/fonts/Times New Roman.ttf. Result = false. find_encrypted = true is_modded = false, chunk = {eebdd300-0000-0000-10c6-616802000000}, start = 0xF237B9F8, end = 0x140620FEE, offset = 0xF237B9F8, size = 0x14C1A4280)
04:53:03.144183	INFO	[Legacy File Load Tracking] TryFindFile data/ui/fonts/Times New Roman.ttf. Result = false. find_encrypted = true is_modded = false, chunk = {eebdd300-0000-0000-90c7-616802000000}, start = 0xF2322718, end = 0x140620FEE, offset = 0xF2322718, size = 0x14C1A4280)
04:53:03.144851	INFO	[Legacy File Load Tracking] TryFindFile data/ui/fonts/Times New Roman.ttf. Result = false. find_encrypted = true is_modded = false, chunk = {eebdd300-0000-0000-90c7-616802000000}, start = 0xF2322610, end = 0x140620FEE, offset = 0xF2322610, size = 0x14C1A4280)
04:53:03.145493	INFO	[Legacy File Load Tracking] TryFindFile data/ui/fonts/Times New Roman.ttf. Result = false. find_encrypted = true is_modded = false, chunk = {eebdd300-0000-0000-90c7-616802000000}, start = 0xF228AD88, end = 0x140620FEE, offset = 0xF228AD88, size = 0x14C1A4280)
04:53:03.146138	INFO	[Legacy File Load Tracking] TryFindFile data/ui/fonts/Times New Roman.ttf. Result = false. find_encrypted = true is_modded = false, chunk = {eebdd300-0000-0000-90c7-616802000000}, start = 0xF2320AD8, end = 0x140620FEE, offset = 0xF2320AD8, size = 0x14C1A4280)
04:53:03.146823	INFO	[Legacy File Load Tracking] TryFindFile data/ui/fonts/Times New Roman.ttf. Result = false. find_encrypted = true is_modded = false, chunk = {eebdd300-0000-0000-90cb-616802000000}, start = 0xF1D8A070, end = 0x140620FEE, offset = 0xF1D8A070, size = 0x14C1A4280)
04:53:03.147903	INFO	[Legacy File Load Tracking] TryFindFile data/ui/fonts/Times New Roman.ttf. Result = false. find_encrypted = true is_modded = false, chunk = {eebdd300-0000-0000-90cb-616802000000}, start = 0xF2321118, end = 0x140620FEE, offset = 0xF2321118, size = 0x14C1A4280)
04:53:03.151928	INFO	[Legacy File Load Tracking] TryFindFile data/ui/fonts/Times New Roman.ttf. Result = false. find_encrypted = true is_modded = false, chunk = {eebdd300-0000-0000-10c6-616802000000}, start = 0xF230CD58, end = 0x140620FEE, offset = 0xF230CD58, size = 0x14C1A4280)
04:53:03.153099	INFO	[Legacy File Load Tracking] TryFindFile data/ui/fonts/Times New Roman.ttf. Result = false. find_encrypted = true is_modded = false, chunk = {eebdd300-0000-0000-10c6-616802000000}, start = 0xF228EF60, end = 0x140620FEE, offset = 0xF228EF60, size = 0x14C1A4280)
04:53:03.156101	INFO	[Legacy File Load Tracking] TryFindFile data/ui/fonts/Times New Roman.ttf. Result = false. find_encrypted = true is_modded = false, chunk = {eebdd300-0000-0000-90c7-616802000000}, start = 0xF228C608, end = 0x140620FEE, offset = 0xF228C608, size = 0x14C1A4280)
04:53:03.156935	INFO	[Legacy File Load Tracking] TryFindFile data/ui/fonts/Times New Roman.ttf. Result = false. find_encrypted = true is_modded = false, chunk = {eebdd300-0000-0000-90c7-616802000000}, start = 0xF228CA28, end = 0x140620FEE, offset = 0xF228CA28, size = 0x14C1A4280)
04:53:03.157845	INFO	[Legacy File Load Tracking] TryFindFile data/ui/fonts/Times New Roman.ttf. Result = false. find_encrypted = true is_modded = false, chunk = {eebdd300-0000-0000-90c7-616802000000}, start = 0xF228CF20, end = 0x140620FEE, offset = 0xF228CF20, size = 0x14C1A4280)
04:53:03.158640	INFO	[Legacy File Load Tracking] TryFindFile data/ui/fonts/Times New Roman.ttf. Result = false. find_encrypted = true is_modded = false, chunk = {eebdd300-0000-0000-90c7-616802000000}, start = 0xF228CCA8, end = 0x140620FEE, offset = 0xF228CCA8, size = 0x14C1A4280)
04:53:03.159452	INFO	[Legacy File Load Tracking] TryFindFile data/ui/fonts/Times New Roman.ttf. Result = false. find_encrypted = true is_modded = false, chunk = {eebdd300-0000-0000-90cb-616802000000}, start = 0xF2289680, end = 0x140620FEE, offset = 0xF2289680, size = 0x14C1A4280)
04:53:03.160547	INFO	[Legacy File Load Tracking] TryFindFile data/ui/fonts/Times New Roman.ttf. Result = false. find_encrypted = true is_modded = false, chunk = {eebdd300-0000-0000-90cb-616802000000}, start = 0xF2311AB0, end = 0x140620FEE, offset = 0xF2311AB0, size = 0x14C1A4280)
04:53:03.161844	INFO	Main Menu reached
04:53:03.164944	INFO	[Legacy File Load Tracking] TryFindFile dlc/dlc_FootballCompEng/dlc/FootballCompEng/data/compdata/LIVE_EDITOR_LIMITS.json. Result = false. find_encrypted = false is_modded = false, chunk = {00000000-0000-0000-0000-000000000000}, start = 0x00000000, end = 0x00000000, offset = 0x00000000, size = 0x00000000)
04:53:03.165559	INFO	[Legacy File Load Tracking] TryFindFile data/ui/fonts/Times New Roman.ttf. Result = false. find_encrypted = true is_modded = false, chunk = {eebdd300-0000-0000-10c6-616802000000}, start = 0xF24514C0, end = 0x140620FEE, offset = 0xF24514C0, size = 0x14C1A4280)
04:53:03.165783	INFO	[LE::UnsupportedLeaguesManager::Load] Start
04:53:03.166301	INFO	[Legacy File Load Tracking] TryFindFile data/LE_CM_SUPPORTED_LEAGUES_AND_TEAMS.csv. Result = false. find_encrypted = false is_modded = false, chunk = {00000000-0000-0000-0000-000000000000}, start = 0x00000000, end = 0x00000000, offset = 0x00000000, size = 0x00000000)
04:53:03.166586	INFO	Engine Setup Done
04:53:03.166586	INFO	[Legacy File Load Tracking] TryFindFile data/ui/fonts/Times New Roman.ttf. Result = false. find_encrypted = true is_modded = false, chunk = {eebdd300-0000-0000-10c6-616802000000}, start = 0xF24524B8, end = 0x140620FEE, offset = 0xF24524B8, size = 0x14C1A4280)
04:53:03.169293	INFO	[Legacy File Load Tracking] TryFindFile data/ui/fonts/Times New Roman.ttf. Result = false. find_encrypted = true is_modded = false, chunk = {eebdd300-0000-0000-90c7-616802000000}, start = 0xF245B338, end = 0x140620FEE, offset = 0xF245B338, size = 0x14C1A4280)
04:53:03.169907	INFO	[Legacy File Load Tracking] TryFindFile data/ui/fonts/Times New Roman.ttf. Result = false. find_encrypted = true is_modded = false, chunk = {eebdd300-0000-0000-90c7-616802000000}, start = 0xF245BB98, end = 0x140620FEE, offset = 0xF245BB98, size = 0x14C1A4280)
04:53:03.170559	INFO	[Legacy File Load Tracking] TryFindFile data/ui/fonts/Times New Roman.ttf. Result = false. find_encrypted = true is_modded = false, chunk = {eebdd300-0000-0000-90c7-616802000000}, start = 0xF245C700, end = 0x140620FEE, offset = 0xF245C700, size = 0x14C1A4280)
04:53:03.171617	INFO	[Legacy File Load Tracking] TryFindFile data/ui/fonts/Times New Roman.ttf. Result = false. find_encrypted = true is_modded = false, chunk = {eebdd300-0000-0000-90c7-616802000000}, start = 0xF245CF60, end = 0x140620FEE, offset = 0xF245CF60, size = 0x14C1A4280)
04:53:03.172559	INFO	[Legacy File Load Tracking] TryFindFile data/ui/fonts/Times New Roman.ttf. Result = false. find_encrypted = true is_modded = false, chunk = {eebdd300-0000-0000-90cb-616802000000}, start = 0xF245D8C8, end = 0x140620FEE, offset = 0xF245D8C8, size = 0x14C1A4280)
04:53:03.174011	INFO	[Legacy File Load Tracking] TryFindFile data/ui/fonts/Times New Roman.ttf. Result = false. find_encrypted = true is_modded = false, chunk = {eebdd300-0000-0000-90cb-616802000000}, start = 0xF245FF90, end = 0x140620FEE, offset = 0xF245FF90, size = 0x14C1A4280)
04:53:03.184908	INFO	[Legacy File Load Tracking] TryFindFile data/ui/layout/library/fchublibrary.xml. Result = true. find_encrypted = true is_modded = false, chunk = {7d3de096-dd27-ae1e-9bf3-b8189205b285}, start = 0x00000000, end = 0x0000173E, offset = 0x00000000, size = 0x0000DC81)
04:53:03.185445	INFO	[Legacy File Load Tracking] LoadFile: data/ui/layout/library/fchublibrary.xml. chunk = {7d3de096-dd27-ae1e-9bf3-b8189205b285}, start = 0x00000000, end = 0x0000173E, offset = 0x00000000, size = 0x0000DC81
04:53:03.187660	INFO	[Legacy File Load Tracking] TryFindFile data/ui/layout/library/fcloyaltylibrary.xml. Result = true. find_encrypted = true is_modded = false, chunk = {82d369ab-e11e-2a09-a9d7-47b393e55365}, start = 0x00000000, end = 0x00000FC3, offset = 0x00000000, size = 0x0000820C)
04:53:03.188188	INFO	[Legacy File Load Tracking] LoadFile: data/ui/layout/library/fcloyaltylibrary.xml. chunk = {82d369ab-e11e-2a09-a9d7-47b393e55365}, start = 0x00000000, end = 0x00000FC3, offset = 0x00000000, size = 0x0000820C
04:53:03.191410	INFO	[Legacy File Load Tracking] TryFindFile data/ui/fonts/Times New Roman.ttf. Result = false. find_encrypted = true is_modded = false, chunk = {eebdd300-0000-0000-50d3-616802000000}, start = 0xF230EB28, end = 0x140620FEE, offset = 0xF230EB28, size = 0x14C1A4280)
04:53:03.192196	INFO	[Legacy File Load Tracking] TryFindFile data/ui/fonts/Times New Roman.ttf. Result = false. find_encrypted = true is_modded = false, chunk = {eebdd300-0000-0000-50d3-616802000000}, start = 0xF2461FB8, end = 0x140620FEE, offset = 0xF2461FB8, size = 0x14C1A4280)
04:53:03.193140	INFO	[Legacy File Load Tracking] TryFindFile data/ui/fonts/Times New Roman.ttf. Result = false. find_encrypted = true is_modded = false, chunk = {eebdd300-0000-0000-10d3-616802000000}, start = 0xF2462790, end = 0x140620FEE, offset = 0xF2462790, size = 0x14C1A4280)
04:53:03.194010	INFO	[Legacy File Load Tracking] TryFindFile data/ui/fonts/Times New Roman.ttf. Result = false. find_encrypted = true is_modded = false, chunk = {eebdd300-0000-0000-10d3-616802000000}, start = 0xF2462AA0, end = 0x140620FEE, offset = 0xF2462AA0, size = 0x14C1A4280)
04:53:03.198908	INFO	[Legacy File Load Tracking] TryFindFile data/ui/fonts/Times New Roman.ttf. Result = false. find_encrypted = true is_modded = false, chunk = {eebdd300-0000-0000-10c6-616802000000}, start = 0xF24A7A18, end = 0x140620FEE, offset = 0xF24A7A18, size = 0x14C1A4280)
04:53:03.199911	INFO	[Legacy File Load Tracking] TryFindFile data/ui/fonts/Times New Roman.ttf. Result = false. find_encrypted = true is_modded = false, chunk = {eebdd300-0000-0000-10c6-616802000000}, start = 0xF24A8A90, end = 0x140620FEE, offset = 0xF24A8A90, size = 0x14C1A4280)
04:53:03.202581	INFO	[Legacy File Load Tracking] TryFindFile data/ui/fonts/Times New Roman.ttf. Result = false. find_encrypted = true is_modded = false, chunk = {eebdd300-0000-0000-90c7-616802000000}, start = 0xF24B1B90, end = 0x140620FEE, offset = 0xF24B1B90, size = 0x14C1A4280)
04:53:03.203218	INFO	[Legacy File Load Tracking] TryFindFile data/ui/fonts/Times New Roman.ttf. Result = false. find_encrypted = true is_modded = false, chunk = {eebdd300-0000-0000-90c7-616802000000}, start = 0xF24B23F0, end = 0x140620FEE, offset = 0xF24B23F0, size = 0x14C1A4280)
04:53:03.203836	INFO	[Legacy File Load Tracking] TryFindFile data/ui/fonts/Times New Roman.ttf. Result = false. find_encrypted = true is_modded = false, chunk = {eebdd300-0000-0000-90c7-616802000000}, start = 0xF24B2F58, end = 0x140620FEE, offset = 0xF24B2F58, size = 0x14C1A4280)
04:53:03.204378	INFO	[Legacy File Load Tracking] TryFindFile data/ui/fonts/Times New Roman.ttf. Result = false. find_encrypted = true is_modded = false, chunk = {eebdd300-0000-0000-90c7-616802000000}, start = 0xF24B37B8, end = 0x140620FEE, offset = 0xF24B37B8, size = 0x14C1A4280)
04:53:03.205251	INFO	[Legacy File Load Tracking] TryFindFile data/ui/fonts/Times New Roman.ttf. Result = false. find_encrypted = true is_modded = false, chunk = {eebdd300-0000-0000-90cb-616802000000}, start = 0xF24B4120, end = 0x140620FEE, offset = 0xF24B4120, size = 0x14C1A4280)
04:53:03.206810	INFO	[Legacy File Load Tracking] TryFindFile data/ui/fonts/Times New Roman.ttf. Result = false. find_encrypted = true is_modded = false, chunk = {eebdd300-0000-0000-90cb-616802000000}, start = 0xF24B67E8, end = 0x140620FEE, offset = 0xF24B67E8, size = 0x14C1A4280)
04:53:03.211885	INFO	[Legacy File Load Tracking] TryFindFile data/ui/imgAssets/background/bg_mainmenu.dds. Result = true. find_encrypted = true is_modded = false, chunk = {ecc23e15-5071-88ac-61c5-d85008bd409d}, start = 0x00000000, end = 0x003CAE90, offset = 0x00000000, size = 0x00FD2080)
04:53:03.212362	INFO	[Legacy File Load Tracking] LoadFile: data/ui/imgAssets/background/bg_mainmenu.dds. chunk = {ecc23e15-5071-88ac-61c5-d85008bd409d}, start = 0x00000000, end = 0x003CAE90, offset = 0x00000000, size = 0x00FD2080
04:53:03.216795	INFO	[Legacy File Load Tracking] LoadFile: data/ui/imgAssets/background/bg_mainmenu.dds. chunk = {ecc23e15-5071-88ac-61c5-d85008bd409d}, start = 0x00000000, end = 0x003CAE90, offset = 0x00000000, size = 0x00FD2080
04:53:03.221209	INFO	[Legacy File Load Tracking] LoadFile: data/ui/imgAssets/background/bg_mainmenu.dds. chunk = {ecc23e15-5071-88ac-61c5-d85008bd409d}, start = 0x00000000, end = 0x003CAE90, offset = 0x00000000, size = 0x00FD2080
04:53:03.225396	INFO	[Legacy File Load Tracking] TryFindFile data/ui/fonts/Times New Roman.ttf. Result = false. find_encrypted = true is_modded = false, chunk = {eebdd300-0000-0000-20c3-616802000000}, start = 0xF3520748, end = 0x140620FEE, offset = 0xF3520748, size = 0x14C1A4280)
04:53:03.226406	INFO	[Legacy File Load Tracking] TryFindFile data/ui/fonts/Times New Roman.ttf. Result = false. find_encrypted = true is_modded = false, chunk = {eebdd300-0000-0000-20c3-616802000000}, start = 0xF35217C0, end = 0x140620FEE, offset = 0xF35217C0, size = 0x14C1A4280)
04:53:03.229984	INFO	[Legacy File Load Tracking] LoadFile: data/ui/imgAssets/background/bg_mainmenu.dds. chunk = {ecc23e15-5071-88ac-61c5-d85008bd409d}, start = 0x00000000, end = 0x003CAE90, offset = 0x00000000, size = 0x00FD2080
04:53:03.234910	INFO	[Legacy File Load Tracking] LoadFile: data/ui/imgAssets/background/bg_mainmenu.dds. chunk = {ecc23e15-5071-88ac-61c5-d85008bd409d}, start = 0x00000000, end = 0x003CAE90, offset = 0x00000000, size = 0x00FD2080
04:53:03.239876	INFO	[Legacy File Load Tracking] LoadFile: data/ui/imgAssets/background/bg_mainmenu.dds. chunk = {ecc23e15-5071-88ac-61c5-d85008bd409d}, start = 0x00000000, end = 0x003CAE90, offset = 0x00000000, size = 0x00FD2080
04:53:03.249469	INFO	[Legacy File Load Tracking] LoadFile: data/ui/imgAssets/background/bg_mainmenu.dds. chunk = {ecc23e15-5071-88ac-61c5-d85008bd409d}, start = 0x00000000, end = 0x003CAE90, offset = 0x00000000, size = 0x00FD2080
04:53:03.255207	INFO	[Legacy File Load Tracking] LoadFile: data/ui/imgAssets/background/bg_mainmenu.dds. chunk = {ecc23e15-5071-88ac-61c5-d85008bd409d}, start = 0x00000000, end = 0x003CAE90, offset = 0x00000000, size = 0x00FD2080
04:53:03.261285	INFO	Initial setup done
04:53:03.262220	INFO	[Legacy File Load Tracking] LoadFile: data/ui/imgAssets/background/bg_mainmenu.dds. chunk = {ecc23e15-5071-88ac-61c5-d85008bd409d}, start = 0x00000000, end = 0x003CAE90, offset = 0x00000000, size = 0x00FD2080
04:53:03.264568	INFO	[Legacy File Load Tracking] TryFindFile data/ui/fonts/Arial.ttf. Result = false. find_encrypted = true is_modded = false, chunk = {abcdeffd-effd-abcd-e09b-c9ee00000000}, start = 0xEEB93EB0, end = 0xEEB93EB0, offset = 0x00000001, size = 0x00000000)
04:53:03.265342	INFO	[Legacy File Load Tracking] TryFindFile data/ui/fonts/Arial.ttf. Result = false. find_encrypted = true is_modded = false, chunk = {00000008-0000-0000-a0b2-616802000000}, start = 0xFFFFFFFFFFFFFFFF, end = 0x26861B770, offset = 0x00000001, size = 0x00000000)
04:53:03.266460	INFO	[Legacy File Load Tracking] TryFindFile data/ui/fonts/Times New Roman.ttf. Result = false. find_encrypted = true is_modded = false, chunk = {eebdd300-0000-0000-20a5-616802000000}, start = 0xF357D6B0, end = 0x140620FEE, offset = 0xF357D6B0, size = 0x14C1A4280)
04:53:03.267672	INFO	[Legacy File Load Tracking] TryFindFile data/ui/fonts/Times New Roman.ttf. Result = false. find_encrypted = true is_modded = false, chunk = {eebdd300-0000-0000-60a7-616802000000}, start = 0xF357E018, end = 0x140620FEE, offset = 0xF357E018, size = 0x14C1A4280)
04:53:03.268797	INFO	[Legacy File Load Tracking] TryFindFile data/ui/fonts/Arial.ttf. Result = false. find_encrypted = true is_modded = false, chunk = {00000008-0000-0000-70b2-616802000000}, start = 0xFFFFFFFFFFFFFFFF, end = 0x26861B740, offset = 0x00000000, size = 0x140B8A931)
04:53:03.273270	INFO	[Legacy File Load Tracking] LoadFile: data/ui/imgAssets/background/bg_mainmenu.dds. chunk = {ecc23e15-5071-88ac-61c5-d85008bd409d}, start = 0x00000000, end = 0x003CAE90, offset = 0x00000000, size = 0x00FD2080
04:53:03.281225	INFO	[Legacy File Load Tracking] TryFindFile data/ui/imgAssets/fchub/fc_currentyear.dds. Result = true. find_encrypted = true is_modded = false, chunk = {562e66f5-f291-14ab-3d71-2b746ccb9bdd}, start = 0x00000000, end = 0x00000582, offset = 0x00000000, size = 0x00002C60)
04:53:03.281742	INFO	[Legacy File Load Tracking] LoadFile: data/ui/imgAssets/fchub/fc_currentyear.dds. chunk = {562e66f5-f291-14ab-3d71-2b746ccb9bdd}, start = 0x00000000, end = 0x00000582, offset = 0x00000000, size = 0x00002C60
04:53:03.293361	INFO	[Legacy File Load Tracking] TryFindFile data/ui/imgAssets/separatorLine/SeparatorLine_Med.dds. Result = false. find_encrypted = true is_modded = false, chunk = {562e66f5-f291-14ab-3d71-2b746ccb9bdd}, start = 0x00000000, end = 0x00000582, offset = 0x34901650, size = 0x00CC2FA0)
04:53:03.293914	INFO	[Legacy File Load Tracking] TryFindFile data/ui/imgAssets/tileIcons/TI_1_fc_navmenu_panel.dds. Result = false. find_encrypted = true is_modded = false, chunk = {562e66f5-f291-14ab-3d71-2b746ccb9bdd}, start = 0x00000000, end = 0x00000582, offset = 0x34901650, size = 0x00CC2FA0)
04:53:03.294587	INFO	[Legacy File Load Tracking] TryFindFile data/ui/imgAssets/separatorLine/SeparatorLine_Stretch.dds. Result = true. find_encrypted = true is_modded = false, chunk = {f4e9f5f8-d2b2-2bbc-88a4-c6f0bf0d81cd}, start = 0x00000000, end = 0x00000046, offset = 0x00000000, size = 0x00000098)
04:53:03.295038	INFO	[Legacy File Load Tracking] LoadFile: data/ui/imgAssets/separatorLine/SeparatorLine_Stretch.dds. chunk = {f4e9f5f8-d2b2-2bbc-88a4-c6f0bf0d81cd}, start = 0x00000000, end = 0x00000046, offset = 0x00000000, size = 0x00000098
04:53:03.296982	INFO	[Legacy File Load Tracking] TryFindFile data/ui/imgAssets/tileIcons/TI_fc_navmenu_panel.dds. Result = true. find_encrypted = true is_modded = false, chunk = {8ba9de80-629e-6fc4-0efd-23590baf41f9}, start = 0x00000000, end = 0x000004B4, offset = 0x00000000, size = 0x00005B40)
04:53:03.297443	INFO	[Legacy File Load Tracking] LoadFile: data/ui/imgAssets/tileIcons/TI_fc_navmenu_panel.dds. chunk = {8ba9de80-629e-6fc4-0efd-23590baf41f9}, start = 0x00000000, end = 0x000004B4, offset = 0x00000000, size = 0x00005B40
04:53:03.298016	INFO	[Legacy File Load Tracking] TryFindFile data/ui/fonts/Times New Roman.ttf. Result = false. find_encrypted = true is_modded = false, chunk = {eebdd300-0000-0000-c0c9-616802000000}, start = 0xF3589510, end = 0x140620FEE, offset = 0xF3589510, size = 0x14C1A4280)
04:53:03.299443	INFO	[Legacy File Load Tracking] TryFindFile data/ui/fonts/Times New Roman.ttf. Result = false. find_encrypted = true is_modded = false, chunk = {eebdd300-0000-0000-00cc-616802000000}, start = 0xF3589DE8, end = 0x140620FEE, offset = 0xF3589DE8, size = 0x14C1A4280)
04:53:03.300526	INFO	[Legacy File Load Tracking] TryFindFile data/ui/fonts/Arial.ttf. Result = false. find_encrypted = true is_modded = false, chunk = {abcdeffd-effd-abcd-e09b-c9ee00000000}, start = 0xEEB93EB0, end = 0xEEB93EB0, offset = 0x00000001, size = 0x00000000)
04:53:03.301053	INFO	[Legacy File Load Tracking] TryFindFile data/ui/fonts/Arial.ttf. Result = false. find_encrypted = true is_modded = false, chunk = {00000008-0000-0000-00d7-616802000000}, start = 0xFFFFFFFFFFFFFFFF, end = 0x26861DBD0, offset = 0x00000000, size = 0x00000000)
04:53:03.305554	INFO	[Legacy File Load Tracking] TryFindFile data/ui/imgAssets/tileIcons/TI_1_fcnavmenu_accessibility.dds. Result = false. find_encrypted = true is_modded = false, chunk = {8ba9de80-629e-6fc4-0efd-23590baf41f9}, start = 0x00000000, end = 0x000004B4, offset = 0x347C4F40, size = 0x00CC2FA0)
04:53:03.306030	INFO	[Legacy File Load Tracking] TryFindFile data/ui/imgAssets/tileIcons/TI_fcnavmenu_accessibility.dds. Result = true. find_encrypted = true is_modded = false, chunk = {26943c4b-771d-cfe1-07dc-7e5b13153701}, start = 0x00000000, end = 0x0000029D, offset = 0x00000000, size = 0x00000CC0)
04:53:03.306329	INFO	[Legacy File Load Tracking] LoadFile: data/ui/imgAssets/tileIcons/TI_fcnavmenu_accessibility.dds. chunk = {26943c4b-771d-cfe1-07dc-7e5b13153701}, start = 0x00000000, end = 0x0000029D, offset = 0x00000000, size = 0x00000CC0
04:53:03.316010	INFO	[Legacy File Load Tracking] TryFindFile data/ui/imgAssets/tileIcons/Preferences/FCPreferences_Logo.dds. Result = true. find_encrypted = true is_modded = false, chunk = {ccd506d7-6cb4-e180-cc7a-94ea859f3bb5}, start = 0x00000000, end = 0x00000257, offset = 0x00000000, size = 0x00000CC0)
04:53:03.316501	INFO	[Legacy File Load Tracking] LoadFile: data/ui/imgAssets/tileIcons/Preferences/FCPreferences_Logo.dds. chunk = {ccd506d7-6cb4-e180-cc7a-94ea859f3bb5}, start = 0x00000000, end = 0x00000257, offset = 0x00000000, size = 0x00000CC0
04:53:03.317238	INFO	[Legacy File Load Tracking] TryFindFile data/ui/fonts/Times New Roman.ttf. Result = false. find_encrypted = true is_modded = false, chunk = {eebdd300-0000-0000-90d2-616802000000}, start = 0xF2544B28, end = 0x140620FEE, offset = 0xF2544B28, size = 0x14C1A4280)
04:53:03.317923	INFO	[Legacy File Load Tracking] TryFindFile data/ui/fonts/Times New Roman.ttf. Result = false. find_encrypted = true is_modded = false, chunk = {eebdd300-0000-0000-90d2-616802000000}, start = 0xF2545388, end = 0x140620FEE, offset = 0xF2545388, size = 0x14C1A4280)
04:53:03.318791	INFO	[Legacy File Load Tracking] TryFindFile data/ui/fonts/Times New Roman.ttf. Result = false. find_encrypted = true is_modded = false, chunk = {eebdd300-0000-0000-90d2-616802000000}, start = 0xF2545EF0, end = 0x140620FEE, offset = 0xF2545EF0, size = 0x14C1A4280)
04:53:03.319847	INFO	[Legacy File Load Tracking] TryFindFile data/ui/fonts/Times New Roman.ttf. Result = false. find_encrypted = true is_modded = false, chunk = {eebdd300-0000-0000-90d2-616802000000}, start = 0xF2546750, end = 0x140620FEE, offset = 0xF2546750, size = 0x14C1A4280)
04:53:03.320873	INFO	[Legacy File Load Tracking] TryFindFile data/ui/fonts/Times New Roman.ttf. Result = false. find_encrypted = true is_modded = false, chunk = {eebdd300-0000-0000-90d6-616802000000}, start = 0xF25470B8, end = 0x140620FEE, offset = 0xF25470B8, size = 0x14C1A4280)
04:53:03.322212	INFO	[Legacy File Load Tracking] TryFindFile data/ui/fonts/Times New Roman.ttf. Result = false. find_encrypted = true is_modded = false, chunk = {eebdd300-0000-0000-90d6-616802000000}, start = 0xF2549780, end = 0x140620FEE, offset = 0xF2549780, size = 0x14C1A4280)
04:53:03.331670	INFO	[Legacy File Load Tracking] TryFindFile data/ui/fonts/Arial.ttf. Result = false. find_encrypted = true is_modded = false, chunk = {00000008-0000-0000-d0d6-616802000000}, start = 0xFFFFFFFFFFFFFFFF, end = 0x26861DBA0, offset = 0xFFFFFFFFFFFFFFFE, size = 0xFFFFFFFFFFFFFFFF)
04:53:03.334059	INFO	[Legacy File Load Tracking] TryFindFile data/ui/imgAssets/tileIcons/TI_1_fcnavmenu_settings.dds. Result = false. find_encrypted = true is_modded = false, chunk = {ccd506d7-6cb4-e180-cc7a-94ea859f3bb5}, start = 0x00000000, end = 0x00000257, offset = 0x34568C00, size = 0x00CC2FA0)
04:53:03.334480	INFO	[Legacy File Load Tracking] TryFindFile data/ui/imgAssets/components/BulletList/nested_indicator_left_edge.dds. Result = true. find_encrypted = true is_modded = false, chunk = {ebb1f871-f68c-4f5d-b58b-4f285d7cde65}, start = 0x00000000, end = 0x00000124, offset = 0x00000000, size = 0x00000480)
04:53:03.334763	INFO	[Legacy File Load Tracking] LoadFile: data/ui/imgAssets/components/BulletList/nested_indicator_left_edge.dds. chunk = {ebb1f871-f68c-4f5d-b58b-4f285d7cde65}, start = 0x00000000, end = 0x00000124, offset = 0x00000000, size = 0x00000480
04:53:03.336510	INFO	[Legacy File Load Tracking] TryFindFile data/ui/imgAssets/components/BulletList/nested_indicator_stretch.dds. Result = true. find_encrypted = true is_modded = false, chunk = {e4531600-4f36-97c8-8050-d6f0ce3c7e79}, start = 0x00000000, end = 0x00000069, offset = 0x00000000, size = 0x00000480)
04:53:03.336851	INFO	[Legacy File Load Tracking] LoadFile: data/ui/imgAssets/components/BulletList/nested_indicator_stretch.dds. chunk = {e4531600-4f36-97c8-8050-d6f0ce3c7e79}, start = 0x00000000, end = 0x00000069, offset = 0x00000000, size = 0x00000480
04:53:03.337862	INFO	[Legacy File Load Tracking] TryFindFile data/ui/imgAssets/tileIcons/TI_fcnavmenu_settings.dds. Result = true. find_encrypted = true is_modded = false, chunk = {81877706-7349-b9fa-ba3b-e60832f64fad}, start = 0x00000000, end = 0x0000023E, offset = 0x00000000, size = 0x00000CC0)
04:53:03.338378	INFO	[Legacy File Load Tracking] LoadFile: data/ui/imgAssets/tileIcons/TI_fcnavmenu_settings.dds. chunk = {81877706-7349-b9fa-ba3b-e60832f64fad}, start = 0x00000000, end = 0x0000023E, offset = 0x00000000, size = 0x00000CC0
04:53:03.382445	INFO	[Legacy File Load Tracking] TryFindFile data/ui/fonts/Arial.ttf. Result = false. find_encrypted = true is_modded = false, chunk = {00000008-0000-0000-f0d4-616802000000}, start = 0xFFFFFFFFFFFFFFFF, end = 0x26861D9C0, offset = 0x00000000, size = 0x1406143DC)
04:53:03.383080	INFO	[Legacy File Load Tracking] TryFindFile data/ui/fonts/Arial.ttf. Result = false. find_encrypted = true is_modded = false, chunk = {00000008-0000-0000-f0d4-616802000000}, start = 0xFFFFFFFFFFFFFFFF, end = 0x26861D9C0, offset = 0x00000000, size = 0x00000000)
04:53:03.384402	INFO	[Legacy File Load Tracking] TryFindFile data/ui/fonts/Arial.ttf. Result = false. find_encrypted = true is_modded = false, chunk = {00000008-0000-0000-f0d4-616802000000}, start = 0xFFFFFFFFFFFFFFFF, end = 0x26861D9C0, offset = 0x00000000, size = 0x1406143DC)
04:53:03.385167	INFO	[Legacy File Load Tracking] TryFindFile data/ui/fonts/Arial.ttf. Result = false. find_encrypted = true is_modded = false, chunk = {00000008-0000-0000-f0d4-616802000000}, start = 0xFFFFFFFFFFFFFFFF, end = 0x26861D9C0, offset = 0x00000000, size = 0x00000000)
04:53:03.386340	INFO	[Legacy File Load Tracking] TryFindFile data/ui/fonts/Arial.ttf. Result = false. find_encrypted = true is_modded = false, chunk = {00000008-0000-0000-f0d4-616802000000}, start = 0xFFFFFFFFFFFFFFFF, end = 0x26861D9C0, offset = 0x00000000, size = 0x1406143DC)
04:53:03.387148	INFO	[Legacy File Load Tracking] TryFindFile data/ui/fonts/Arial.ttf. Result = false. find_encrypted = true is_modded = false, chunk = {00000008-0000-0000-f0d4-616802000000}, start = 0xFFFFFFFFFFFFFFFF, end = 0x26861D9C0, offset = 0x00000000, size = 0x00000000)
04:53:03.388837	INFO	[Legacy File Load Tracking] TryFindFile data/ui/fonts/Arial.ttf. Result = false. find_encrypted = true is_modded = false, chunk = {00000008-0000-0000-f0d4-616802000000}, start = 0xFFFFFFFFFFFFFFFF, end = 0x26861D9C0, offset = 0x00000000, size = 0x1406143DC)
04:53:03.389673	INFO	[Legacy File Load Tracking] TryFindFile data/ui/fonts/Arial.ttf. Result = false. find_encrypted = true is_modded = false, chunk = {00000008-0000-0000-f0d4-616802000000}, start = 0xFFFFFFFFFFFFFFFF, end = 0x26861D9C0, offset = 0x00000000, size = 0x00000000)
04:53:03.390896	INFO	[Legacy File Load Tracking] TryFindFile data/ui/fonts/Arial.ttf. Result = false. find_encrypted = true is_modded = false, chunk = {00000008-0000-0000-f0d4-616802000000}, start = 0xFFFFFFFFFFFFFFFF, end = 0x26861D9C0, offset = 0x00000000, size = 0x1406143DC)
04:53:03.391598	INFO	[Legacy File Load Tracking] TryFindFile data/ui/fonts/Arial.ttf. Result = false. find_encrypted = true is_modded = false, chunk = {00000008-0000-0000-f0d4-616802000000}, start = 0xFFFFFFFFFFFFFFFF, end = 0x26861D9C0, offset = 0x00000000, size = 0x00000000)
04:53:03.401081	INFO	[Legacy File Load Tracking] TryFindFile data/ui/fonts/Arial.ttf. Result = false. find_encrypted = true is_modded = false, chunk = {00000008-0000-0000-d0ac-616802000000}, start = 0xFFFFFFFFFFFFFFFF, end = 0x26861B1A0, offset = 0x00000000, size = 0x1406143DC)
04:53:03.402412	INFO	[Legacy File Load Tracking] TryFindFile data/ui/fonts/Arial.ttf. Result = false. find_encrypted = true is_modded = false, chunk = {00000008-0000-0000-d0ac-616802000000}, start = 0xFFFFFFFFFFFFFFFF, end = 0x26861B1A0, offset = 0x00000000, size = 0x00000000)
04:53:03.403749	INFO	[Legacy File Load Tracking] TryFindFile data/ui/fonts/Arial.ttf. Result = false. find_encrypted = true is_modded = false, chunk = {00000008-0000-0000-d0ac-616802000000}, start = 0xFFFFFFFFFFFFFFFF, end = 0x26861B1A0, offset = 0x00000000, size = 0x1406143DC)
04:53:03.404600	INFO	[Legacy File Load Tracking] TryFindFile data/ui/fonts/Arial.ttf. Result = false. find_encrypted = true is_modded = false, chunk = {00000008-0000-0000-d0ac-616802000000}, start = 0xFFFFFFFFFFFFFFFF, end = 0x26861B1A0, offset = 0x00000000, size = 0x00000000)
04:53:03.405850	INFO	[Legacy File Load Tracking] TryFindFile data/ui/fonts/Arial.ttf. Result = false. find_encrypted = true is_modded = false, chunk = {00000008-0000-0000-d0ac-616802000000}, start = 0xFFFFFFFFFFFFFFFF, end = 0x26861B1A0, offset = 0x00000000, size = 0x1406143DC)
04:53:03.406774	INFO	[Legacy File Load Tracking] TryFindFile data/ui/fonts/Arial.ttf. Result = false. find_encrypted = true is_modded = false, chunk = {00000008-0000-0000-d0ac-616802000000}, start = 0xFFFFFFFFFFFFFFFF, end = 0x26861B1A0, offset = 0x00000000, size = 0x00000000)
04:53:03.407995	INFO	[Legacy File Load Tracking] TryFindFile data/ui/fonts/Arial.ttf. Result = false. find_encrypted = true is_modded = false, chunk = {00000008-0000-0000-d0ac-616802000000}, start = 0xFFFFFFFFFFFFFFFF, end = 0x26861B1A0, offset = 0x00000000, size = 0x1406143DC)
04:53:03.409129	INFO	[Legacy File Load Tracking] TryFindFile data/ui/fonts/Arial.ttf. Result = false. find_encrypted = true is_modded = false, chunk = {00000008-0000-0000-d0ac-616802000000}, start = 0xFFFFFFFFFFFFFFFF, end = 0x26861B1A0, offset = 0x00000000, size = 0x00000000)
04:53:03.410589	INFO	[Legacy File Load Tracking] TryFindFile data/ui/fonts/Arial.ttf. Result = false. find_encrypted = true is_modded = false, chunk = {00000008-0000-0000-d0ac-616802000000}, start = 0xFFFFFFFFFFFFFFFF, end = 0x26861B1A0, offset = 0x00000000, size = 0x1406143DC)
04:53:03.411335	INFO	[Legacy File Load Tracking] TryFindFile data/ui/fonts/Arial.ttf. Result = false. find_encrypted = true is_modded = false, chunk = {00000008-0000-0000-d0ac-616802000000}, start = 0xFFFFFFFFFFFFFFFF, end = 0x26861B1A0, offset = 0x00000000, size = 0x00000000)
04:53:03.415255	INFO	[Legacy File Load Tracking] TryFindFile data/ui/fonts/Arial.ttf. Result = false. find_encrypted = true is_modded = false, chunk = {00000008-0000-0000-f0d4-616802000000}, start = 0xFFFFFFFFFFFFFFFF, end = 0x26861D9C0, offset = 0x00000000, size = 0x1406143DC)
04:53:03.415938	INFO	[Legacy File Load Tracking] TryFindFile data/ui/fonts/Arial.ttf. Result = false. find_encrypted = true is_modded = false, chunk = {00000008-0000-0000-f0d4-616802000000}, start = 0xFFFFFFFFFFFFFFFF, end = 0x26861D9C0, offset = 0x00000000, size = 0x00000000)
04:53:03.831416	INFO	[Legacy File Load Tracking] TryFindFile data/ui/fonts/Arial.ttf. Result = false. find_encrypted = true is_modded = false, chunk = {00000008-0000-0000-60bc-616802000000}, start = 0xFFFFFFFFFFFFFFFF, end = 0x26861C130, offset = 0x00000000, size = 0x00000000)
04:53:03.832181	INFO	[Legacy File Load Tracking] TryFindFile data/ui/fonts/Arial.ttf. Result = false. find_encrypted = true is_modded = false, chunk = {00000008-0000-0000-60bc-616802000000}, start = 0xFFFFFFFFFFFFFFFF, end = 0x26861C130, offset = 0x00000000, size = 0x00000000)
04:53:03.839121	INFO	[Legacy File Load Tracking] TryFindFile data/ui/fonts/Arial.ttf. Result = false. find_encrypted = true is_modded = false, chunk = {00000008-0000-0000-40d3-616802000000}, start = 0xFFFFFFFFFFFFFFFF, end = 0x26861D810, offset = 0x26861D46F, size = 0x00000001)
04:53:03.840068	INFO	[Legacy File Load Tracking] TryFindFile data/ui/fonts/Arial.ttf. Result = false. find_encrypted = true is_modded = false, chunk = {00000008-0000-0000-40d3-616802000000}, start = 0xFFFFFFFFFFFFFFFF, end = 0x26861D810, offset = 0x00000000, size = 0x00000000)
04:53:03.841791	INFO	[Legacy File Load Tracking] TryFindFile data/ui/fonts/Arial.ttf. Result = false. find_encrypted = true is_modded = false, chunk = {00000008-0000-0000-40d3-616802000000}, start = 0xFFFFFFFFFFFFFFFF, end = 0x26861D810, offset = 0x26861D46F, size = 0x00000001)
04:53:03.842387	INFO	[Legacy File Load Tracking] TryFindFile data/ui/fonts/Arial.ttf. Result = false. find_encrypted = true is_modded = false, chunk = {00000008-0000-0000-40d3-616802000000}, start = 0xFFFFFFFFFFFFFFFF, end = 0x26861D810, offset = 0x00000000, size = 0x00000000)
04:53:03.843669	INFO	[Legacy File Load Tracking] TryFindFile data/ui/fonts/Arial.ttf. Result = false. find_encrypted = true is_modded = false, chunk = {00000008-0000-0000-40d3-616802000000}, start = 0xFFFFFFFFFFFFFFFF, end = 0x26861D810, offset = 0x26861D46F, size = 0x00000001)
04:53:03.844498	INFO	[Legacy File Load Tracking] TryFindFile data/ui/fonts/Arial.ttf. Result = false. find_encrypted = true is_modded = false, chunk = {00000008-0000-0000-40d3-616802000000}, start = 0xFFFFFFFFFFFFFFFF, end = 0x26861D810, offset = 0x00000000, size = 0x00000000)
04:53:03.845776	INFO	[Legacy File Load Tracking] TryFindFile data/ui/fonts/Arial.ttf. Result = false. find_encrypted = true is_modded = false, chunk = {00000008-0000-0000-40d3-616802000000}, start = 0xFFFFFFFFFFFFFFFF, end = 0x26861D810, offset = 0x26861D46F, size = 0x00000001)
04:53:03.846484	INFO	[Legacy File Load Tracking] TryFindFile data/ui/fonts/Arial.ttf. Result = false. find_encrypted = true is_modded = false, chunk = {00000008-0000-0000-40d3-616802000000}, start = 0xFFFFFFFFFFFFFFFF, end = 0x26861D810, offset = 0x00000000, size = 0x00000000)
04:53:03.847622	INFO	[Legacy File Load Tracking] TryFindFile data/ui/fonts/Arial.ttf. Result = false. find_encrypted = true is_modded = false, chunk = {00000008-0000-0000-40d3-616802000000}, start = 0xFFFFFFFFFFFFFFFF, end = 0x26861D810, offset = 0x26861D46F, size = 0x00000001)
04:53:03.848121	INFO	[Legacy File Load Tracking] TryFindFile data/ui/fonts/Arial.ttf. Result = false. find_encrypted = true is_modded = false, chunk = {00000008-0000-0000-40d3-616802000000}, start = 0xFFFFFFFFFFFFFFFF, end = 0x26861D810, offset = 0x00000000, size = 0x00000000)
04:53:03.849188	INFO	[Legacy File Load Tracking] TryFindFile data/ui/fonts/Arial.ttf. Result = false. find_encrypted = true is_modded = false, chunk = {00000008-0000-0000-40d3-616802000000}, start = 0xFFFFFFFFFFFFFFFF, end = 0x26861D810, offset = 0x26861D46F, size = 0x00000001)
04:53:03.849950	INFO	[Legacy File Load Tracking] TryFindFile data/ui/fonts/Arial.ttf. Result = false. find_encrypted = true is_modded = false, chunk = {00000008-0000-0000-40d3-616802000000}, start = 0xFFFFFFFFFFFFFFFF, end = 0x26861D810, offset = 0x00000000, size = 0x00000000)
04:53:03.851232	INFO	[Legacy File Load Tracking] TryFindFile data/ui/fonts/Arial.ttf. Result = false. find_encrypted = true is_modded = false, chunk = {00000008-0000-0000-40d3-616802000000}, start = 0xFFFFFFFFFFFFFFFF, end = 0x26861D810, offset = 0x26861D46F, size = 0x00000001)
04:53:03.851840	INFO	[Legacy File Load Tracking] TryFindFile data/ui/fonts/Arial.ttf. Result = false. find_encrypted = true is_modded = false, chunk = {00000008-0000-0000-40d3-616802000000}, start = 0xFFFFFFFFFFFFFFFF, end = 0x26861D810, offset = 0x00000000, size = 0x00000000)
04:53:03.853342	INFO	[Legacy File Load Tracking] TryFindFile data/ui/fonts/Arial.ttf. Result = false. find_encrypted = true is_modded = false, chunk = {00000008-0000-0000-40d3-616802000000}, start = 0xFFFFFFFFFFFFFFFF, end = 0x26861D810, offset = 0x26861D46F, size = 0x00000001)
04:53:03.853998	INFO	[Legacy File Load Tracking] TryFindFile data/ui/fonts/Arial.ttf. Result = false. find_encrypted = true is_modded = false, chunk = {00000008-0000-0000-40d3-616802000000}, start = 0xFFFFFFFFFFFFFFFF, end = 0x26861D810, offset = 0x14BCBC348, size = 0x26861D8F0)
04:53:03.855189	INFO	[Legacy File Load Tracking] TryFindFile data/ui/fonts/Arial.ttf. Result = false. find_encrypted = true is_modded = false, chunk = {00000008-0000-0000-40d3-616802000000}, start = 0xFFFFFFFFFFFFFFFF, end = 0x26861D810, offset = 0x26861D46F, size = 0x00000001)
04:53:03.856109	INFO	[Legacy File Load Tracking] TryFindFile data/ui/fonts/Arial.ttf. Result = false. find_encrypted = true is_modded = false, chunk = {00000008-0000-0000-40d3-616802000000}, start = 0xFFFFFFFFFFFFFFFF, end = 0x26861D810, offset = 0x00000000, size = 0x00000000)
04:53:03.857637	INFO	[Legacy File Load Tracking] TryFindFile data/ui/fonts/Arial.ttf. Result = false. find_encrypted = true is_modded = false, chunk = {00000008-0000-0000-40d3-616802000000}, start = 0xFFFFFFFFFFFFFFFF, end = 0x26861D810, offset = 0x26861D46F, size = 0x00000001)
04:53:03.858641	INFO	[Legacy File Load Tracking] TryFindFile data/ui/fonts/Arial.ttf. Result = false. find_encrypted = true is_modded = false, chunk = {00000008-0000-0000-40d3-616802000000}, start = 0xFFFFFFFFFFFFFFFF, end = 0x26861D810, offset = 0x00000000, size = 0x00000000)
04:53:03.860455	INFO	[Legacy File Load Tracking] TryFindFile data/ui/fonts/Arial.ttf. Result = false. find_encrypted = true is_modded = false, chunk = {00000008-0000-0000-40d3-616802000000}, start = 0xFFFFFFFFFFFFFFFF, end = 0x26861D810, offset = 0x26861D46F, size = 0x00000001)
04:53:03.861553	INFO	[Legacy File Load Tracking] TryFindFile data/ui/fonts/Arial.ttf. Result = false. find_encrypted = true is_modded = false, chunk = {00000008-0000-0000-40d3-616802000000}, start = 0xFFFFFFFFFFFFFFFF, end = 0x26861D810, offset = 0x00000000, size = 0x00000000)
04:53:03.881866	INFO	[Legacy File Load Tracking] TryFindFile data/ui/game/components/InputIcon.big. Result = true. find_encrypted = true is_modded = false, chunk = {d1e3e290-18cf-e669-7003-269d5b5ed3fd}, start = 0x00000000, end = 0x00000BF2, offset = 0x00000000, size = 0x00002B20)
04:53:03.882249	INFO	[Legacy File Load Tracking] LoadFile: data/ui/game/components/InputIcon.big. chunk = {d1e3e290-18cf-e669-7003-269d5b5ed3fd}, start = 0x00000000, end = 0x00000BF2, offset = 0x00000000, size = 0x00002B20
04:53:03.884174	INFO	[Legacy File Load Tracking] TryFindFile data/ui/imgAssets/music/eamusic.dds. Result = true. find_encrypted = true is_modded = false, chunk = {aed8e455-65b7-fecd-ac81-6a7b6108b081}, start = 0x00000000, end = 0x0000033C, offset = 0x00000000, size = 0x00000CC0)
04:53:03.884708	INFO	[Legacy File Load Tracking] LoadFile: data/ui/imgAssets/music/eamusic.dds. chunk = {aed8e455-65b7-fecd-ac81-6a7b6108b081}, start = 0x00000000, end = 0x0000033C, offset = 0x00000000, size = 0x00000CC0
04:53:03.899230	INFO	[Legacy File Load Tracking] TryFindFile data/ui/fonts/Arial.ttf. Result = false. find_encrypted = true is_modded = false, chunk = {00000008-0000-0000-00d7-616802000000}, start = 0xFFFFFFFFFFFFFFFF, end = 0x26861DBD0, offset = 0x14BCBC348, size = 0x26861DCA8)
04:53:03.899901	INFO	[Legacy File Load Tracking] TryFindFile data/ui/fonts/Arial.ttf. Result = false. find_encrypted = true is_modded = false, chunk = {00000008-0000-0000-00d7-616802000000}, start = 0xFFFFFFFFFFFFFFFF, end = 0x26861DBD0, offset = 0x00000000, size = 0x142F9E7B2)
04:53:03.900849	INFO	[Legacy File Load Tracking] TryFindFile data/ui/fonts/Times New Roman.ttf. Result = false. find_encrypted = true is_modded = false, chunk = {eebdd300-0000-0000-d0d6-616802000000}, start = 0xF27415F0, end = 0x140620FEE, offset = 0xF27415F0, size = 0x14C1A4280)
04:53:03.901498	INFO	[Legacy File Load Tracking] TryFindFile data/ui/fonts/Times New Roman.ttf. Result = false. find_encrypted = true is_modded = false, chunk = {eebdd300-0000-0000-d0d6-616802000000}, start = 0xF2741A70, end = 0x140620FEE, offset = 0xF2741A70, size = 0x14C1A4280)
04:53:03.902995	INFO	[Legacy File Load Tracking] TryFindFile data/ui/fonts/Arial.ttf. Result = false. find_encrypted = true is_modded = false, chunk = {00000008-0000-0000-f0ce-616802000000}, start = 0xFFFFFFFFFFFFFFFF, end = 0x26861D3C0, offset = 0x00000000, size = 0x00000000)
04:53:03.916274	INFO	[Legacy File Load Tracking] TryFindFile data/ui/fonts/Times New Roman.ttf. Result = false. find_encrypted = true is_modded = false, chunk = {3f800000-0000-0000-0000-000000e0db44}, start = 0x4481D000, end = 0x3F800000, offset = 0x00000000, size = 0xC1480000C1EB999A)
04:53:03.964555	INFO	[Legacy File Load Tracking] TryFindFile data/ui/fonts/Times New Roman.ttf. Result = false. find_encrypted = true is_modded = false, chunk = {eebdd300-0000-0000-d0d6-616802000000}, start = 0xF2749538, end = 0x140620FEE, offset = 0xF2749538, size = 0x14C1A4280)
04:53:03.965212	INFO	[Legacy File Load Tracking] TryFindFile data/ui/fonts/Times New Roman.ttf. Result = false. find_encrypted = true is_modded = false, chunk = {eebdd300-0000-0000-d0d6-616802000000}, start = 0xF274BA50, end = 0x140620FEE, offset = 0xF274BA50, size = 0x14C1A4280)
04:53:03.981664	INFO	[Legacy File Load Tracking] TryFindFile data/ui/fonts/Times New Roman.ttf. Result = false. find_encrypted = true is_modded = false, chunk = {3f800000-0000-0000-0000-000000e0db44}, start = 0x4481D000, end = 0x3F800000, offset = 0x00000000, size = 0xC1480000C1EB999A)
04:53:05.197815	INFO	[Legacy File Load Tracking] TryFindFile data/ui/fonts/Arial.ttf. Result = false. find_encrypted = true is_modded = false, chunk = {abcdeffd-effd-abcd-e09b-c9ee00000000}, start = 0xEEB93EB0, end = 0xEEB93EB0, offset = 0x00000001, size = 0x00000000)
04:53:05.198638	INFO	[Legacy File Load Tracking] TryFindFile data/ui/fonts/Arial.ttf. Result = false. find_encrypted = true is_modded = false, chunk = {00000008-0000-0000-50ba-616802000000}, start = 0xFFFFFFFFFFFFFFFF, end = 0x26861BF20, offset = 0x14BCBC348, size = 0xF271F808)
04:53:05.199871	INFO	[Legacy File Load Tracking] TryFindFile data/ui/fonts/Times New Roman.ttf. Result = false. find_encrypted = true is_modded = false, chunk = {eebdd300-0000-0000-d0ac-616802000000}, start = 0xF269FA78, end = 0x140620FEE, offset = 0xF269FA78, size = 0x14C1A4280)
04:53:05.201004	INFO	[Legacy File Load Tracking] TryFindFile data/ui/fonts/Times New Roman.ttf. Result = false. find_encrypted = true is_modded = false, chunk = {eebdd300-0000-0000-10af-616802000000}, start = 0xF26AA320, end = 0x140620FEE, offset = 0xF26AA320, size = 0x14C1A4280)
04:53:05.231851	INFO	[Legacy File Load Tracking] TryFindFile data/ui/fonts/Arial.ttf. Result = false. find_encrypted = true is_modded = false, chunk = {00000008-0000-0000-30d1-616802000000}, start = 0xFFFFFFFFFFFFFFFF, end = 0x26861D600, offset = 0x14BCBC348, size = 0xF270B150)
04:53:05.232438	INFO	[Legacy File Load Tracking] TryFindFile data/ui/fonts/Arial.ttf. Result = false. find_encrypted = true is_modded = false, chunk = {00000008-0000-0000-30d1-616802000000}, start = 0xFFFFFFFFFFFFFFFF, end = 0x26861D600, offset = 0x14BCBC348, size = 0xF271F910)
04:53:05.233671	INFO	[Legacy File Load Tracking] TryFindFile data/ui/fonts/Times New Roman.ttf. Result = false. find_encrypted = true is_modded = false, chunk = {eebdd300-0000-0000-f0c5-616802000000}, start = 0xF26B2EE0, end = 0x140620FEE, offset = 0xF26B2EE0, size = 0x14C1A4280)
04:53:05.234474	INFO	[Legacy File Load Tracking] TryFindFile data/ui/fonts/Arial.ttf. Result = false. find_encrypted = true is_modded = false, chunk = {00000008-0000-0000-00d1-616802000000}, start = 0xFFFFFFFFFFFFFFFF, end = 0x26861D5D0, offset = 0x14BCBC348, size = 0xF271F808)
04:53:05.513725	INFO	[Legacy File Load Tracking] TryFindFile data/ui/fonts/Arial.ttf. Result = false. find_encrypted = true is_modded = false, chunk = {00000008-0000-0000-d0d6-616802000000}, start = 0xFFFFFFFFFFFFFFFF, end = 0x26861DBA0, offset = 0x14BCBC348, size = 0xF271A3A0)
04:53:05.530341	INFO	[Legacy File Load Tracking] TryFindFile data/ui/fonts/Arial.ttf. Result = false. find_encrypted = true is_modded = false, chunk = {00000008-0000-0000-d0d6-616802000000}, start = 0xFFFFFFFFFFFFFFFF, end = 0x26861DBA0, offset = 0x14BCBC348, size = 0xF3560790)
04:53:05.546924	INFO	[Legacy File Load Tracking] TryFindFile data/ui/fonts/Arial.ttf. Result = false. find_encrypted = true is_modded = false, chunk = {00000008-0000-0000-d0d6-616802000000}, start = 0xFFFFFFFFFFFFFFFF, end = 0x26861DBA0, offset = 0x14BCBC348, size = 0xF270F9B8)
04:53:05.563866	INFO	[Legacy File Load Tracking] TryFindFile data/ui/fonts/Arial.ttf. Result = false. find_encrypted = true is_modded = false, chunk = {00000008-0000-0000-d0d6-616802000000}, start = 0xFFFFFFFFFFFFFFFF, end = 0x26861DBA0, offset = 0x14BCBC348, size = 0xF271A3A0)
04:53:05.580637	INFO	[Legacy File Load Tracking] TryFindFile data/ui/fonts/Arial.ttf. Result = false. find_encrypted = true is_modded = false, chunk = {00000008-0000-0000-d0d6-616802000000}, start = 0xFFFFFFFFFFFFFFFF, end = 0x26861DBA0, offset = 0x14BCBC348, size = 0xF2716CC0)
04:53:05.596790	INFO	[Legacy File Load Tracking] TryFindFile data/ui/fonts/Arial.ttf. Result = false. find_encrypted = true is_modded = false, chunk = {00000008-0000-0000-d0d6-616802000000}, start = 0xFFFFFFFFFFFFFFFF, end = 0x26861DBA0, offset = 0x14BCBC348, size = 0xF270AB40)
04:53:05.614824	INFO	[Legacy File Load Tracking] TryFindFile data/ui/fonts/Arial.ttf. Result = false. find_encrypted = true is_modded = false, chunk = {00000008-0000-0000-d0d6-616802000000}, start = 0xFFFFFFFFFFFFFFFF, end = 0x26861DBA0, offset = 0x14BCBC348, size = 0xF3560858)
04:53:05.630438	INFO	[Legacy File Load Tracking] TryFindFile data/ui/fonts/Arial.ttf. Result = false. find_encrypted = true is_modded = false, chunk = {00000008-0000-0000-d0d6-616802000000}, start = 0xFFFFFFFFFFFFFFFF, end = 0x26861DBA0, offset = 0x14BCBC348, size = 0xF2715EE8)
04:53:05.647528	INFO	[Legacy File Load Tracking] TryFindFile data/ui/fonts/Arial.ttf. Result = false. find_encrypted = true is_modded = false, chunk = {00000008-0000-0000-d0d6-616802000000}, start = 0xFFFFFFFFFFFFFFFF, end = 0x26861DBA0, offset = 0x14BCBC348, size = 0xF270B3B0)
04:53:05.664579	INFO	[Legacy File Load Tracking] TryFindFile data/ui/fonts/Arial.ttf. Result = false. find_encrypted = true is_modded = false, chunk = {00000008-0000-0000-d0d6-616802000000}, start = 0xFFFFFFFFFFFFFFFF, end = 0x26861DBA0, offset = 0x14BCBC348, size = 0xF3560470)
04:53:05.680880	INFO	[Legacy File Load Tracking] TryFindFile data/ui/fonts/Arial.ttf. Result = false. find_encrypted = true is_modded = false, chunk = {00000008-0000-0000-d0d6-616802000000}, start = 0xFFFFFFFFFFFFFFFF, end = 0x26861DBA0, offset = 0x14BCBC348, size = 0xF271A3A0)
04:53:05.681598	INFO	[Legacy File Load Tracking] TryFindFile data/ui/fonts/Arial.ttf. Result = false. find_encrypted = true is_modded = false, chunk = {00000008-0000-0000-d0d6-616802000000}, start = 0xFFFFFFFFFFFFFFFF, end = 0x26861DBA0, offset = 0x14BCBC348, size = 0xF271A3F0)
04:53:05.696931	INFO	[Legacy File Load Tracking] TryFindFile data/ui/fonts/Arial.ttf. Result = false. find_encrypted = true is_modded = false, chunk = {00000008-0000-0000-d0d6-616802000000}, start = 0xFFFFFFFFFFFFFFFF, end = 0x26861DBA0, offset = 0x14BCBC348, size = 0xF270AB40)
04:53:05.713986	INFO	[Legacy File Load Tracking] TryFindFile data/ui/fonts/Arial.ttf. Result = false. find_encrypted = true is_modded = false, chunk = {00000008-0000-0000-d0d6-616802000000}, start = 0xFFFFFFFFFFFFFFFF, end = 0x26861DBA0, offset = 0x14BCBC348, size = 0xF2716CC0)
04:53:05.730459	INFO	[Legacy File Load Tracking] TryFindFile data/ui/fonts/Arial.ttf. Result = false. find_encrypted = true is_modded = false, chunk = {00000008-0000-0000-d0d6-616802000000}, start = 0xFFFFFFFFFFFFFFFF, end = 0x26861DBA0, offset = 0x14BCBC348, size = 0xF3560858)
04:53:05.746623	INFO	[Legacy File Load Tracking] TryFindFile data/ui/fonts/Arial.ttf. Result = false. find_encrypted = true is_modded = false, chunk = {00000008-0000-0000-d0d6-616802000000}, start = 0xFFFFFFFFFFFFFFFF, end = 0x26861DBA0, offset = 0x14BCBC348, size = 0xF2715EE8)
04:53:05.763624	INFO	[Legacy File Load Tracking] TryFindFile data/ui/fonts/Arial.ttf. Result = false. find_encrypted = true is_modded = false, chunk = {00000008-0000-0000-d0d6-616802000000}, start = 0xFFFFFFFFFFFFFFFF, end = 0x26861DBA0, offset = 0x14BCBC348, size = 0xF270B3B0)
04:53:05.764681	INFO	[Legacy File Load Tracking] TryFindFile data/ui/fonts/Arial.ttf. Result = false. find_encrypted = true is_modded = false, chunk = {00000008-0000-0000-d0d6-616802000000}, start = 0xFFFFFFFFFFFFFFFF, end = 0x26861DBA0, offset = 0x14BCBC348, size = 0xF3560470)
04:53:05.780690	INFO	[Legacy File Load Tracking] TryFindFile data/ui/fonts/Arial.ttf. Result = false. find_encrypted = true is_modded = false, chunk = {00000008-0000-0000-d0d6-616802000000}, start = 0xFFFFFFFFFFFFFFFF, end = 0x26861DBA0, offset = 0x14BCBC348, size = 0xF2716CC0)
04:53:05.797062	INFO	[Legacy File Load Tracking] TryFindFile data/ui/fonts/Arial.ttf. Result = false. find_encrypted = true is_modded = false, chunk = {00000008-0000-0000-d0d6-616802000000}, start = 0xFFFFFFFFFFFFFFFF, end = 0x26861DBA0, offset = 0x14BCBC348, size = 0xF3560858)
04:53:05.813836	INFO	[Legacy File Load Tracking] TryFindFile data/ui/fonts/Arial.ttf. Result = false. find_encrypted = true is_modded = false, chunk = {00000008-0000-0000-d0d6-616802000000}, start = 0xFFFFFFFFFFFFFFFF, end = 0x26861DBA0, offset = 0x14BCBC348, size = 0xF2715EE8)
04:53:05.830532	INFO	[Legacy File Load Tracking] TryFindFile data/ui/fonts/Arial.ttf. Result = false. find_encrypted = true is_modded = false, chunk = {00000008-0000-0000-d0d6-616802000000}, start = 0xFFFFFFFFFFFFFFFF, end = 0x26861DBA0, offset = 0x14BCBC348, size = 0xF270B3B0)
04:53:05.846743	INFO	[Legacy File Load Tracking] TryFindFile data/ui/fonts/Arial.ttf. Result = false. find_encrypted = true is_modded = false, chunk = {00000008-0000-0000-d0d6-616802000000}, start = 0xFFFFFFFFFFFFFFFF, end = 0x26861DBA0, offset = 0x14BCBC348, size = 0xF3560470)
04:53:05.863669	INFO	[Legacy File Load Tracking] TryFindFile data/ui/fonts/Arial.ttf. Result = false. find_encrypted = true is_modded = false, chunk = {00000008-0000-0000-d0d6-616802000000}, start = 0xFFFFFFFFFFFFFFFF, end = 0x26861DBA0, offset = 0x14BCBC348, size = 0xF2716CC0)
04:53:05.879774	INFO	[Legacy File Load Tracking] TryFindFile data/ui/fonts/Arial.ttf. Result = false. find_encrypted = true is_modded = false, chunk = {00000008-0000-0000-d0d6-616802000000}, start = 0xFFFFFFFFFFFFFFFF, end = 0x26861DBA0, offset = 0x14BCBC348, size = 0xF3560858)
04:53:05.898364	INFO	[Legacy File Load Tracking] TryFindFile data/ui/fonts/Arial.ttf. Result = false. find_encrypted = true is_modded = false, chunk = {00000008-0000-0000-d0d6-616802000000}, start = 0xFFFFFFFFFFFFFFFF, end = 0x26861DBA0, offset = 0x14BCBC348, size = 0xF2715EE8)
04:53:05.914454	INFO	[Legacy File Load Tracking] TryFindFile data/ui/fonts/Arial.ttf. Result = false. find_encrypted = true is_modded = false, chunk = {00000008-0000-0000-d0d6-616802000000}, start = 0xFFFFFFFFFFFFFFFF, end = 0x26861DBA0, offset = 0x14BCBC348, size = 0xF270B3B0)
04:53:05.930975	INFO	[Legacy File Load Tracking] TryFindFile data/ui/fonts/Arial.ttf. Result = false. find_encrypted = true is_modded = false, chunk = {00000008-0000-0000-d0d6-616802000000}, start = 0xFFFFFFFFFFFFFFFF, end = 0x26861DBA0, offset = 0x14BCBC348, size = 0xF3560470)
04:53:05.947515	INFO	[Legacy File Load Tracking] TryFindFile data/ui/fonts/Arial.ttf. Result = false. find_encrypted = true is_modded = false, chunk = {00000008-0000-0000-d0d6-616802000000}, start = 0xFFFFFFFFFFFFFFFF, end = 0x26861DBA0, offset = 0x14BCBC348, size = 0xF2716CC0)
04:53:05.963900	INFO	[Legacy File Load Tracking] TryFindFile data/ui/fonts/Arial.ttf. Result = false. find_encrypted = true is_modded = false, chunk = {00000008-0000-0000-d0d6-616802000000}, start = 0xFFFFFFFFFFFFFFFF, end = 0x26861DBA0, offset = 0x14BCBC348, size = 0xF3560858)
04:53:05.980775	INFO	[Legacy File Load Tracking] TryFindFile data/ui/fonts/Arial.ttf. Result = false. find_encrypted = true is_modded = false, chunk = {00000008-0000-0000-d0d6-616802000000}, start = 0xFFFFFFFFFFFFFFFF, end = 0x26861DBA0, offset = 0x14BCBC348, size = 0xF2715EE8)
04:53:05.998002	INFO	[Legacy File Load Tracking] TryFindFile data/ui/fonts/Arial.ttf. Result = false. find_encrypted = true is_modded = false, chunk = {00000008-0000-0000-d0d6-616802000000}, start = 0xFFFFFFFFFFFFFFFF, end = 0x26861DBA0, offset = 0x14BCBC348, size = 0xF270B3B0)
04:53:06.013960	INFO	[Legacy File Load Tracking] TryFindFile data/ui/fonts/Arial.ttf. Result = false. find_encrypted = true is_modded = false, chunk = {00000008-0000-0000-d0d6-616802000000}, start = 0xFFFFFFFFFFFFFFFF, end = 0x26861DBA0, offset = 0x14BCBC348, size = 0xF3560470)
04:53:06.030539	INFO	[Legacy File Load Tracking] TryFindFile data/ui/fonts/Arial.ttf. Result = false. find_encrypted = true is_modded = false, chunk = {00000008-0000-0000-d0d6-616802000000}, start = 0xFFFFFFFFFFFFFFFF, end = 0x26861DBA0, offset = 0x14BCBC348, size = 0xF2716CC0)
04:53:06.046567	INFO	[Legacy File Load Tracking] TryFindFile data/ui/fonts/Arial.ttf. Result = false. find_encrypted = true is_modded = false, chunk = {00000008-0000-0000-d0d6-616802000000}, start = 0xFFFFFFFFFFFFFFFF, end = 0x26861DBA0, offset = 0x14BCBC348, size = 0xF3560858)
04:53:06.063939	INFO	[Legacy File Load Tracking] TryFindFile data/ui/fonts/Arial.ttf. Result = false. find_encrypted = true is_modded = false, chunk = {00000008-0000-0000-d0d6-616802000000}, start = 0xFFFFFFFFFFFFFFFF, end = 0x26861DBA0, offset = 0x14BCBC348, size = 0xF2715EE8)
04:53:06.080805	INFO	[Legacy File Load Tracking] TryFindFile data/ui/fonts/Arial.ttf. Result = false. find_encrypted = true is_modded = false, chunk = {00000008-0000-0000-d0d6-616802000000}, start = 0xFFFFFFFFFFFFFFFF, end = 0x26861DBA0, offset = 0x14BCBC348, size = 0xF270B3B0)
04:53:06.096994	INFO	[Legacy File Load Tracking] TryFindFile data/ui/fonts/Arial.ttf. Result = false. find_encrypted = true is_modded = false, chunk = {00000008-0000-0000-d0d6-616802000000}, start = 0xFFFFFFFFFFFFFFFF, end = 0x26861DBA0, offset = 0x14BCBC348, size = 0xF3560470)
04:53:06.113509	INFO	[Legacy File Load Tracking] TryFindFile data/ui/fonts/Arial.ttf. Result = false. find_encrypted = true is_modded = false, chunk = {00000008-0000-0000-d0d6-616802000000}, start = 0xFFFFFFFFFFFFFFFF, end = 0x26861DBA0, offset = 0x14BCBC348, size = 0xF2716CC0)
04:53:06.131469	INFO	[Legacy File Load Tracking] TryFindFile data/ui/fonts/Arial.ttf. Result = false. find_encrypted = true is_modded = false, chunk = {00000008-0000-0000-d0d6-616802000000}, start = 0xFFFFFFFFFFFFFFFF, end = 0x26861DBA0, offset = 0x14BCBC348, size = 0xF3560858)
04:53:06.133468	INFO	[Legacy File Load Tracking] TryFindFile data/ui/fonts/Arial.ttf. Result = false. find_encrypted = true is_modded = false, chunk = {00000008-0000-0000-d0d6-616802000000}, start = 0xFFFFFFFFFFFFFFFF, end = 0x26861DBA0, offset = 0x14BCBC348, size = 0xF2715EE8)
04:53:06.146658	INFO	[Legacy File Load Tracking] TryFindFile data/ui/fonts/Arial.ttf. Result = false. find_encrypted = true is_modded = false, chunk = {00000008-0000-0000-d0d6-616802000000}, start = 0xFFFFFFFFFFFFFFFF, end = 0x26861DBA0, offset = 0x14BCBC348, size = 0xF270B3B0)
04:53:06.163761	INFO	[Legacy File Load Tracking] TryFindFile data/ui/fonts/Arial.ttf. Result = false. find_encrypted = true is_modded = false, chunk = {00000008-0000-0000-d0d6-616802000000}, start = 0xFFFFFFFFFFFFFFFF, end = 0x26861DBA0, offset = 0x14BCBC348, size = 0xF3560470)
04:53:06.179954	INFO	[Legacy File Load Tracking] TryFindFile data/ui/fonts/Arial.ttf. Result = false. find_encrypted = true is_modded = false, chunk = {00000008-0000-0000-d0d6-616802000000}, start = 0xFFFFFFFFFFFFFFFF, end = 0x26861DBA0, offset = 0x14BCBC348, size = 0xF2716CC0)
04:53:06.198351	INFO	[Legacy File Load Tracking] TryFindFile data/ui/fonts/Arial.ttf. Result = false. find_encrypted = true is_modded = false, chunk = {00000008-0000-0000-d0d6-616802000000}, start = 0xFFFFFFFFFFFFFFFF, end = 0x26861DBA0, offset = 0x14BCBC348, size = 0xF271A238)
04:53:07.268029	INFO	[Legacy File Load Tracking] TryFindFile data/ui/imgAssets/Controllers/PlayStation5/Buttons/Circle.dds. Result = true. find_encrypted = true is_modded = false, chunk = {1b145d82-c20d-da4f-eff8-2be8229f1c0d}, start = 0x00000000, end = 0x00000315, offset = 0x00000000, size = 0x00001480)
04:53:07.268461	INFO	[Legacy File Load Tracking] LoadFile: data/ui/imgAssets/Controllers/PlayStation5/Buttons/Circle.dds. chunk = {1b145d82-c20d-da4f-eff8-2be8229f1c0d}, start = 0x00000000, end = 0x00000315, offset = 0x00000000, size = 0x00001480
04:53:07.270211	INFO	[Legacy File Load Tracking] TryFindFile data/ui/imgAssets/Controllers/PlayStation5/Buttons/Cross.dds. Result = true. find_encrypted = true is_modded = false, chunk = {71ad1f0b-b315-b4fc-316c-0791b6159bdd}, start = 0x00000000, end = 0x0000027C, offset = 0x00000000, size = 0x00001480)
04:53:07.270570	INFO	[Legacy File Load Tracking] LoadFile: data/ui/imgAssets/Controllers/PlayStation5/Buttons/Cross.dds. chunk = {71ad1f0b-b315-b4fc-316c-0791b6159bdd}, start = 0x00000000, end = 0x0000027C, offset = 0x00000000, size = 0x00001480
04:53:07.271362	INFO	[Legacy File Load Tracking] TryFindFile data/ui/imgAssets/Controllers/PlayStation5/Buttons/L1.dds. Result = true. find_encrypted = true is_modded = false, chunk = {1e6e76f7-8d90-970d-f30a-ac669722854d}, start = 0x00000000, end = 0x00000252, offset = 0x00000000, size = 0x00001480)
04:53:07.271715	INFO	[Legacy File Load Tracking] LoadFile: data/ui/imgAssets/Controllers/PlayStation5/Buttons/L1.dds. chunk = {1e6e76f7-8d90-970d-f30a-ac669722854d}, start = 0x00000000, end = 0x00000252, offset = 0x00000000, size = 0x00001480
04:53:07.272736	INFO	[Legacy File Load Tracking] TryFindFile data/ui/imgAssets/Controllers/PlayStation5/Buttons/R1.dds. Result = true. find_encrypted = true is_modded = false, chunk = {c78d5b86-ed50-60ad-9988-c437fafb32bd}, start = 0x00000000, end = 0x00000283, offset = 0x00000000, size = 0x00001480)
04:53:07.273230	INFO	[Legacy File Load Tracking] LoadFile: data/ui/imgAssets/Controllers/PlayStation5/Buttons/R1.dds. chunk = {c78d5b86-ed50-60ad-9988-c437fafb32bd}, start = 0x00000000, end = 0x00000283, offset = 0x00000000, size = 0x00001480
04:53:07.274346	INFO	[Legacy File Load Tracking] TryFindFile data/ui/imgAssets/Controllers/PlayStation5/Buttons/LS.dds. Result = true. find_encrypted = true is_modded = false, chunk = {a51c0dda-776e-204c-8234-c183a33acb29}, start = 0x00000000, end = 0x00000277, offset = 0x00000000, size = 0x00001480)
04:53:07.274968	INFO	[Legacy File Load Tracking] LoadFile: data/ui/imgAssets/Controllers/PlayStation5/Buttons/LS.dds. chunk = {a51c0dda-776e-204c-8234-c183a33acb29}, start = 0x00000000, end = 0x00000277, offset = 0x00000000, size = 0x00001480
04:53:07.276909	INFO	[Legacy File Load Tracking] TryFindFile data/ui/imgAssets/Controllers/PlayStation5/Buttons/Arrow.dds. Result = true. find_encrypted = true is_modded = false, chunk = {a564d0b7-74ba-5de4-26d8-df3227123919}, start = 0x00000000, end = 0x00000252, offset = 0x00000000, size = 0x00000F80)
04:53:07.277368	INFO	[Legacy File Load Tracking] LoadFile: data/ui/imgAssets/Controllers/PlayStation5/Buttons/Arrow.dds. chunk = {a564d0b7-74ba-5de4-26d8-df3227123919}, start = 0x00000000, end = 0x00000252, offset = 0x00000000, size = 0x00000F80
04:53:07.278382	INFO	[Legacy File Load Tracking] TryFindFile data/ui/imgAssets/Controllers/PlayStation5/Buttons/TouchPad.dds. Result = true. find_encrypted = true is_modded = false, chunk = {780f0c3f-6f85-0c32-6c95-c42b133f3ed5}, start = 0x00000000, end = 0x0000040F, offset = 0x00000000, size = 0x00001AC0)
04:53:07.278774	INFO	[Legacy File Load Tracking] LoadFile: data/ui/imgAssets/Controllers/PlayStation5/Buttons/TouchPad.dds. chunk = {780f0c3f-6f85-0c32-6c95-c42b133f3ed5}, start = 0x00000000, end = 0x0000040F, offset = 0x00000000, size = 0x00001AC0
04:53:07.279591	INFO	[Legacy File Load Tracking] TryFindFile data/ui/imgAssets/Controllers/PlayStation5/Buttons/R3.dds. Result = true. find_encrypted = true is_modded = false, chunk = {8135a73f-c695-97ca-cc19-dc8b966b6701}, start = 0x00000000, end = 0x00000391, offset = 0x00000000, size = 0x00001980)
04:53:07.279946	INFO	[Legacy File Load Tracking] LoadFile: data/ui/imgAssets/Controllers/PlayStation5/Buttons/R3.dds. chunk = {8135a73f-c695-97ca-cc19-dc8b966b6701}, start = 0x00000000, end = 0x00000391, offset = 0x00000000, size = 0x00001980
04:53:07.280742	INFO	[Legacy File Load Tracking] TryFindFile data/ui/imgAssets/Controllers/PlayStation5/Buttons/RS.dds. Result = true. find_encrypted = true is_modded = false, chunk = {e108ed86-551d-8e74-0cbd-f9c8f589ee41}, start = 0x00000000, end = 0x000002C5, offset = 0x00000000, size = 0x00001480)
04:53:07.281110	INFO	[Legacy File Load Tracking] LoadFile: data/ui/imgAssets/Controllers/PlayStation5/Buttons/RS.dds. chunk = {e108ed86-551d-8e74-0cbd-f9c8f589ee41}, start = 0x00000000, end = 0x000002C5, offset = 0x00000000, size = 0x00001480
04:53:07.331220	INFO	[Legacy File Load Tracking] TryFindFile data/ui/fonts/Arial.ttf. Result = false. find_encrypted = true is_modded = false, chunk = {00000008-0000-0000-50ba-616802000000}, start = 0xFFFFFFFFFFFFFFFF, end = 0x26861BF20, offset = 0x14BCBC348, size = 0x26861BFF8)
04:53:07.331775	INFO	[Legacy File Load Tracking] TryFindFile data/ui/fonts/Arial.ttf. Result = false. find_encrypted = true is_modded = false, chunk = {00000008-0000-0000-50ba-616802000000}, start = 0xFFFFFFFFFFFFFFFF, end = 0x26861BF20, offset = 0x00000000, size = 0x142F9E7B2)
04:53:09.497812	INFO	[Legacy File Load Tracking] TryFindFile data/ui/fonts/Arial.ttf. Result = false. find_encrypted = true is_modded = false, chunk = {00000008-0000-0000-d0d6-616802000000}, start = 0xFFFFFFFFFFFFFFFF, end = 0x26861DBA0, offset = 0x14BCBC348, size = 0xF2762F50)
04:53:09.498576	INFO	[Legacy File Load Tracking] TryFindFile data/ui/fonts/Arial.ttf. Result = false. find_encrypted = true is_modded = false, chunk = {00000008-0000-0000-d0d6-616802000000}, start = 0xFFFFFFFFFFFFFFFF, end = 0x26861DBA0, offset = 0x14BCBC348, size = 0xF271A3F0)
04:53:09.513810	INFO	[Legacy File Load Tracking] TryFindFile data/ui/fonts/Arial.ttf. Result = false. find_encrypted = true is_modded = false, chunk = {00000008-0000-0000-d0d6-616802000000}, start = 0xFFFFFFFFFFFFFFFF, end = 0x26861DBA0, offset = 0x14BCBC348, size = 0xF27630F8)
04:53:09.514727	INFO	[Legacy File Load Tracking] TryFindFile data/ui/fonts/Arial.ttf. Result = false. find_encrypted = true is_modded = false, chunk = {00000008-0000-0000-d0d6-616802000000}, start = 0xFFFFFFFFFFFFFFFF, end = 0x26861DBA0, offset = 0x14BCBC348, size = 0xF2762F50)
04:53:09.530368	INFO	[Legacy File Load Tracking] TryFindFile data/ui/fonts/Arial.ttf. Result = false. find_encrypted = true is_modded = false, chunk = {00000008-0000-0000-d0d6-616802000000}, start = 0xFFFFFFFFFFFFFFFF, end = 0x26861DBA0, offset = 0x14BCBC348, size = 0xF2762D70)
04:53:09.531062	INFO	[Legacy File Load Tracking] TryFindFile data/ui/fonts/Arial.ttf. Result = false. find_encrypted = true is_modded = false, chunk = {00000008-0000-0000-d0d6-616802000000}, start = 0xFFFFFFFFFFFFFFFF, end = 0x26861DBA0, offset = 0x14BCBC348, size = 0xF35FC058)
04:53:09.532027	INFO	[Legacy File Load Tracking] TryFindFile data/ui/fonts/Arial.ttf. Result = false. find_encrypted = true is_modded = false, chunk = {00000008-0000-0000-d0d6-616802000000}, start = 0xFFFFFFFFFFFFFFFF, end = 0x26861DBA0, offset = 0x14BCBC348, size = 0xF271A1C8)
04:53:09.532668	INFO	[Legacy File Load Tracking] TryFindFile data/ui/fonts/Arial.ttf. Result = false. find_encrypted = true is_modded = false, chunk = {00000008-0000-0000-d0d6-616802000000}, start = 0xFFFFFFFFFFFFFFFF, end = 0x26861DBA0, offset = 0x14BCBC348, size = 0xF2762F88)
04:53:09.547427	INFO	[Legacy File Load Tracking] TryFindFile data/ui/fonts/Arial.ttf. Result = false. find_encrypted = true is_modded = false, chunk = {00000008-0000-0000-d0d6-616802000000}, start = 0xFFFFFFFFFFFFFFFF, end = 0x26861DBA0, offset = 0x14BCBC348, size = 0xF27630F8)
04:53:09.548260	INFO	[Legacy File Load Tracking] TryFindFile data/ui/fonts/Arial.ttf. Result = false. find_encrypted = true is_modded = false, chunk = {00000008-0000-0000-d0d6-616802000000}, start = 0xFFFFFFFFFFFFFFFF, end = 0x26861DBA0, offset = 0x14BCBC348, size = 0xF2763248)
04:53:09.563926	INFO	[Legacy File Load Tracking] TryFindFile data/ui/fonts/Arial.ttf. Result = false. find_encrypted = true is_modded = false, chunk = {00000008-0000-0000-d0d6-616802000000}, start = 0xFFFFFFFFFFFFFFFF, end = 0x26861DBA0, offset = 0x14BCBC348, size = 0xF2762D70)
04:53:09.564632	INFO	[Legacy File Load Tracking] TryFindFile data/ui/fonts/Arial.ttf. Result = false. find_encrypted = true is_modded = false, chunk = {00000008-0000-0000-d0d6-616802000000}, start = 0xFFFFFFFFFFFFFFFF, end = 0x26861DBA0, offset = 0x14BCBC348, size = 0xF2763070)
04:53:09.581737	INFO	[Legacy File Load Tracking] TryFindFile data/ui/fonts/Arial.ttf. Result = false. find_encrypted = true is_modded = false, chunk = {00000008-0000-0000-d0d6-616802000000}, start = 0xFFFFFFFFFFFFFFFF, end = 0x26861DBA0, offset = 0x14BCBC348, size = 0xF271A1C8)
04:53:09.583461	INFO	[Legacy File Load Tracking] TryFindFile data/ui/fonts/Arial.ttf. Result = false. find_encrypted = true is_modded = false, chunk = {00000008-0000-0000-d0d6-616802000000}, start = 0xFFFFFFFFFFFFFFFF, end = 0x26861DBA0, offset = 0x14BCBC348, size = 0xF2763130)
04:53:09.597570	INFO	[Legacy File Load Tracking] TryFindFile data/ui/fonts/Arial.ttf. Result = false. find_encrypted = true is_modded = false, chunk = {00000008-0000-0000-d0d6-616802000000}, start = 0xFFFFFFFFFFFFFFFF, end = 0x26861DBA0, offset = 0x14BCBC348, size = 0xF27630F8)
04:53:09.598315	INFO	[Legacy File Load Tracking] TryFindFile data/ui/fonts/Arial.ttf. Result = false. find_encrypted = true is_modded = false, chunk = {00000008-0000-0000-d0d6-616802000000}, start = 0xFFFFFFFFFFFFFFFF, end = 0x26861DBA0, offset = 0x14BCBC348, size = 0xF2763070)
04:53:09.613776	INFO	[Legacy File Load Tracking] TryFindFile data/ui/fonts/Arial.ttf. Result = false. find_encrypted = true is_modded = false, chunk = {00000008-0000-0000-d0d6-616802000000}, start = 0xFFFFFFFFFFFFFFFF, end = 0x26861DBA0, offset = 0x14BCBC348, size = 0xF2762D70)
04:53:09.614500	INFO	[Legacy File Load Tracking] TryFindFile data/ui/fonts/Arial.ttf. Result = false. find_encrypted = true is_modded = false, chunk = {00000008-0000-0000-d0d6-616802000000}, start = 0xFFFFFFFFFFFFFFFF, end = 0x26861DBA0, offset = 0x14BCBC348, size = 0xF271A3F0)
04:53:09.631319	INFO	[Legacy File Load Tracking] TryFindFile data/ui/fonts/Arial.ttf. Result = false. find_encrypted = true is_modded = false, chunk = {00000008-0000-0000-d0d6-616802000000}, start = 0xFFFFFFFFFFFFFFFF, end = 0x26861DBA0, offset = 0x14BCBC348, size = 0xF271A1C8)
04:53:09.632051	INFO	[Legacy File Load Tracking] TryFindFile data/ui/fonts/Arial.ttf. Result = false. find_encrypted = true is_modded = false, chunk = {00000008-0000-0000-d0d6-616802000000}, start = 0xFFFFFFFFFFFFFFFF, end = 0x26861DBA0, offset = 0x14BCBC348, size = 0xF2762F50)
04:53:09.647622	INFO	[Legacy File Load Tracking] TryFindFile data/ui/fonts/Arial.ttf. Result = false. find_encrypted = true is_modded = false, chunk = {00000008-0000-0000-d0d6-616802000000}, start = 0xFFFFFFFFFFFFFFFF, end = 0x26861DBA0, offset = 0x14BCBC348, size = 0xF27630F8)
04:53:09.649051	INFO	[Legacy File Load Tracking] TryFindFile data/ui/fonts/Arial.ttf. Result = false. find_encrypted = true is_modded = false, chunk = {00000008-0000-0000-d0d6-616802000000}, start = 0xFFFFFFFFFFFFFFFF, end = 0x26861DBA0, offset = 0x14BCBC348, size = 0xF35FC058)
04:53:09.663828	INFO	[Legacy File Load Tracking] TryFindFile data/ui/fonts/Arial.ttf. Result = false. find_encrypted = true is_modded = false, chunk = {00000008-0000-0000-d0d6-616802000000}, start = 0xFFFFFFFFFFFFFFFF, end = 0x26861DBA0, offset = 0x14BCBC348, size = 0xF2762D70)
04:53:09.664523	INFO	[Legacy File Load Tracking] TryFindFile data/ui/fonts/Arial.ttf. Result = false. find_encrypted = true is_modded = false, chunk = {00000008-0000-0000-d0d6-616802000000}, start = 0xFFFFFFFFFFFFFFFF, end = 0x26861DBA0, offset = 0x14BCBC348, size = 0xF2762F88)
04:53:09.680403	INFO	[Legacy File Load Tracking] TryFindFile data/ui/fonts/Arial.ttf. Result = false. find_encrypted = true is_modded = false, chunk = {00000008-0000-0000-d0d6-616802000000}, start = 0xFFFFFFFFFFFFFFFF, end = 0x26861DBA0, offset = 0x14BCBC348, size = 0xF271A1C8)
04:53:09.681361	INFO	[Legacy File Load Tracking] TryFindFile data/ui/fonts/Arial.ttf. Result = false. find_encrypted = true is_modded = false, chunk = {00000008-0000-0000-d0d6-616802000000}, start = 0xFFFFFFFFFFFFFFFF, end = 0x26861DBA0, offset = 0x14BCBC348, size = 0xF2763248)
04:53:09.697553	INFO	[Legacy File Load Tracking] TryFindFile data/ui/fonts/Arial.ttf. Result = false. find_encrypted = true is_modded = false, chunk = {00000008-0000-0000-d0d6-616802000000}, start = 0xFFFFFFFFFFFFFFFF, end = 0x26861DBA0, offset = 0x14BCBC348, size = 0xF2720658)
04:53:09.713840	INFO	[Legacy File Load Tracking] TryFindFile data/ui/fonts/Arial.ttf. Result = false. find_encrypted = true is_modded = false, chunk = {00000008-0000-0000-d0d6-616802000000}, start = 0xFFFFFFFFFFFFFFFF, end = 0x26861DBA0, offset = 0x14BCBC348, size = 0xF2763038)
04:53:09.730880	INFO	[Legacy File Load Tracking] TryFindFile data/ui/fonts/Arial.ttf. Result = false. find_encrypted = true is_modded = false, chunk = {00000008-0000-0000-d0d6-616802000000}, start = 0xFFFFFFFFFFFFFFFF, end = 0x26861DBA0, offset = 0x14BCBC348, size = 0xF27626E8)
04:53:09.747062	INFO	[Legacy File Load Tracking] TryFindFile data/ui/fonts/Arial.ttf. Result = false. find_encrypted = true is_modded = false, chunk = {00000008-0000-0000-d0d6-616802000000}, start = 0xFFFFFFFFFFFFFFFF, end = 0x26861DBA0, offset = 0x14BCBC348, size = 0xF2763070)
04:53:09.763514	INFO	[Legacy File Load Tracking] TryFindFile data/ui/fonts/Arial.ttf. Result = false. find_encrypted = true is_modded = false, chunk = {00000008-0000-0000-d0d6-616802000000}, start = 0xFFFFFFFFFFFFFFFF, end = 0x26861DBA0, offset = 0x14BCBC348, size = 0xF271A3F0)
04:53:09.780041	INFO	[Legacy File Load Tracking] TryFindFile data/ui/fonts/Arial.ttf. Result = false. find_encrypted = true is_modded = false, chunk = {00000008-0000-0000-d0d6-616802000000}, start = 0xFFFFFFFFFFFFFFFF, end = 0x26861DBA0, offset = 0x14BCBC348, size = 0xF2762F50)
04:53:09.798068	INFO	[Legacy File Load Tracking] TryFindFile data/ui/fonts/Arial.ttf. Result = false. find_encrypted = true is_modded = false, chunk = {00000008-0000-0000-d0d6-616802000000}, start = 0xFFFFFFFFFFFFFFFF, end = 0x26861DBA0, offset = 0x14BCBC348, size = 0xF2763038)
04:53:09.814008	INFO	[Legacy File Load Tracking] TryFindFile data/ui/fonts/Arial.ttf. Result = false. find_encrypted = true is_modded = false, chunk = {00000008-0000-0000-d0d6-616802000000}, start = 0xFFFFFFFFFFFFFFFF, end = 0x26861DBA0, offset = 0x14BCBC348, size = 0xF27626E8)
04:53:09.830579	INFO	[Legacy File Load Tracking] TryFindFile data/ui/fonts/Arial.ttf. Result = false. find_encrypted = true is_modded = false, chunk = {00000008-0000-0000-d0d6-616802000000}, start = 0xFFFFFFFFFFFFFFFF, end = 0x26861DBA0, offset = 0x14BCBC348, size = 0xF2763070)
04:53:09.831948	INFO	[Legacy File Load Tracking] TryFindFile data/ui/fonts/Arial.ttf. Result = false. find_encrypted = true is_modded = false, chunk = {00000008-0000-0000-d0d6-616802000000}, start = 0xFFFFFFFFFFFFFFFF, end = 0x26861DBA0, offset = 0x14BCBC348, size = 0xF271A3F0)
04:53:09.847646	INFO	[Legacy File Load Tracking] TryFindFile data/ui/fonts/Arial.ttf. Result = false. find_encrypted = true is_modded = false, chunk = {00000008-0000-0000-d0d6-616802000000}, start = 0xFFFFFFFFFFFFFFFF, end = 0x26861DBA0, offset = 0x14BCBC348, size = 0xF2762F50)
04:53:09.863770	INFO	[Legacy File Load Tracking] TryFindFile data/ui/fonts/Arial.ttf. Result = false. find_encrypted = true is_modded = false, chunk = {00000008-0000-0000-d0d6-616802000000}, start = 0xFFFFFFFFFFFFFFFF, end = 0x26861DBA0, offset = 0x14BCBC348, size = 0xF2763038)
04:53:09.880302	INFO	[Legacy File Load Tracking] TryFindFile data/ui/fonts/Arial.ttf. Result = false. find_encrypted = true is_modded = false, chunk = {00000008-0000-0000-d0d6-616802000000}, start = 0xFFFFFFFFFFFFFFFF, end = 0x26861DBA0, offset = 0x14BCBC348, size = 0xF27626E8)
04:53:09.898014	INFO	[Legacy File Load Tracking] TryFindFile data/ui/fonts/Arial.ttf. Result = false. find_encrypted = true is_modded = false, chunk = {00000008-0000-0000-d0d6-616802000000}, start = 0xFFFFFFFFFFFFFFFF, end = 0x26861DBA0, offset = 0x14BCBC348, size = 0xF2763070)
04:53:09.913654	INFO	[Legacy File Load Tracking] TryFindFile data/ui/fonts/Arial.ttf. Result = false. find_encrypted = true is_modded = false, chunk = {00000008-0000-0000-d0d6-616802000000}, start = 0xFFFFFFFFFFFFFFFF, end = 0x26861DBA0, offset = 0x14BCBC348, size = 0xF271A3F0)
04:53:09.930561	INFO	[Legacy File Load Tracking] TryFindFile data/ui/fonts/Arial.ttf. Result = false. find_encrypted = true is_modded = false, chunk = {00000008-0000-0000-d0d6-616802000000}, start = 0xFFFFFFFFFFFFFFFF, end = 0x26861DBA0, offset = 0x14BCBC348, size = 0xF2762F50)
04:53:09.948152	INFO	[Legacy File Load Tracking] TryFindFile data/ui/fonts/Arial.ttf. Result = false. find_encrypted = true is_modded = false, chunk = {00000008-0000-0000-d0d6-616802000000}, start = 0xFFFFFFFFFFFFFFFF, end = 0x26861DBA0, offset = 0x14BCBC348, size = 0xF2763038)
04:53:09.963719	INFO	[Legacy File Load Tracking] TryFindFile data/ui/fonts/Arial.ttf. Result = false. find_encrypted = true is_modded = false, chunk = {00000008-0000-0000-d0d6-616802000000}, start = 0xFFFFFFFFFFFFFFFF, end = 0x26861DBA0, offset = 0x14BCBC348, size = 0xF27626E8)
04:53:09.980859	INFO	[Legacy File Load Tracking] TryFindFile data/ui/fonts/Arial.ttf. Result = false. find_encrypted = true is_modded = false, chunk = {00000008-0000-0000-d0d6-616802000000}, start = 0xFFFFFFFFFFFFFFFF, end = 0x26861DBA0, offset = 0x14BCBC348, size = 0xF2763070)
04:53:09.997796	INFO	[Legacy File Load Tracking] TryFindFile data/ui/fonts/Arial.ttf. Result = false. find_encrypted = true is_modded = false, chunk = {00000008-0000-0000-d0d6-616802000000}, start = 0xFFFFFFFFFFFFFFFF, end = 0x26861DBA0, offset = 0x14BCBC348, size = 0xF271A3F0)
04:53:10.013862	INFO	[Legacy File Load Tracking] TryFindFile data/ui/fonts/Arial.ttf. Result = false. find_encrypted = true is_modded = false, chunk = {00000008-0000-0000-d0d6-616802000000}, start = 0xFFFFFFFFFFFFFFFF, end = 0x26861DBA0, offset = 0x14BCBC348, size = 0xF2762F50)
04:53:10.031406	INFO	[Legacy File Load Tracking] TryFindFile data/ui/fonts/Arial.ttf. Result = false. find_encrypted = true is_modded = false, chunk = {00000008-0000-0000-d0d6-616802000000}, start = 0xFFFFFFFFFFFFFFFF, end = 0x26861DBA0, offset = 0x14BCBC348, size = 0xF2763038)
04:53:10.047487	INFO	[Legacy File Load Tracking] TryFindFile data/ui/fonts/Arial.ttf. Result = false. find_encrypted = true is_modded = false, chunk = {00000008-0000-0000-d0d6-616802000000}, start = 0xFFFFFFFFFFFFFFFF, end = 0x26861DBA0, offset = 0x14BCBC348, size = 0xF27626E8)
04:53:10.064545	INFO	[Legacy File Load Tracking] TryFindFile data/ui/fonts/Arial.ttf. Result = false. find_encrypted = true is_modded = false, chunk = {00000008-0000-0000-d0d6-616802000000}, start = 0xFFFFFFFFFFFFFFFF, end = 0x26861DBA0, offset = 0x14BCBC348, size = 0xF2763070)
04:53:10.081601	INFO	[Legacy File Load Tracking] TryFindFile data/ui/fonts/Arial.ttf. Result = false. find_encrypted = true is_modded = false, chunk = {00000008-0000-0000-d0d6-616802000000}, start = 0xFFFFFFFFFFFFFFFF, end = 0x26861DBA0, offset = 0x14BCBC348, size = 0xF271A3F0)
04:53:10.097620	INFO	[Legacy File Load Tracking] TryFindFile data/ui/fonts/Arial.ttf. Result = false. find_encrypted = true is_modded = false, chunk = {00000008-0000-0000-d0d6-616802000000}, start = 0xFFFFFFFFFFFFFFFF, end = 0x26861DBA0, offset = 0x14BCBC348, size = 0xF2762F50)
04:53:10.115033	INFO	[Legacy File Load Tracking] TryFindFile data/ui/fonts/Arial.ttf. Result = false. find_encrypted = true is_modded = false, chunk = {00000008-0000-0000-d0d6-616802000000}, start = 0xFFFFFFFFFFFFFFFF, end = 0x26861DBA0, offset = 0x14BCBC348, size = 0xF2763038)
04:53:10.130272	INFO	[Legacy File Load Tracking] TryFindFile data/ui/fonts/Arial.ttf. Result = false. find_encrypted = true is_modded = false, chunk = {00000008-0000-0000-d0d6-616802000000}, start = 0xFFFFFFFFFFFFFFFF, end = 0x26861DBA0, offset = 0x14BCBC348, size = 0xF27626E8)
04:53:10.147322	INFO	[Legacy File Load Tracking] TryFindFile data/ui/fonts/Arial.ttf. Result = false. find_encrypted = true is_modded = false, chunk = {00000008-0000-0000-d0d6-616802000000}, start = 0xFFFFFFFFFFFFFFFF, end = 0x26861DBA0, offset = 0x14BCBC348, size = 0xF2763070)
04:53:10.163795	INFO	[Legacy File Load Tracking] TryFindFile data/ui/fonts/Arial.ttf. Result = false. find_encrypted = true is_modded = false, chunk = {00000008-0000-0000-d0d6-616802000000}, start = 0xFFFFFFFFFFFFFFFF, end = 0x26861DBA0, offset = 0x14BCBC348, size = 0xF271A3F0)
04:53:10.180333	INFO	[Legacy File Load Tracking] TryFindFile data/ui/fonts/Arial.ttf. Result = false. find_encrypted = true is_modded = false, chunk = {00000008-0000-0000-d0d6-616802000000}, start = 0xFFFFFFFFFFFFFFFF, end = 0x26861DBA0, offset = 0x14BCBC348, size = 0xF2762F50)
04:53:10.197355	INFO	[Legacy File Load Tracking] TryFindFile data/ui/fonts/Arial.ttf. Result = false. find_encrypted = true is_modded = false, chunk = {00000008-0000-0000-d0d6-616802000000}, start = 0xFFFFFFFFFFFFFFFF, end = 0x26861DBA0, offset = 0x14BCBC348, size = 0xF2763038)
04:53:10.198518	INFO	[Legacy File Load Tracking] TryFindFile data/ui/fonts/Arial.ttf. Result = false. find_encrypted = true is_modded = false, chunk = {00000008-0000-0000-d0d6-616802000000}, start = 0xFFFFFFFFFFFFFFFF, end = 0x26861DBA0, offset = 0x14BCBC348, size = 0xF27626E8)
04:53:10.214304	INFO	[Legacy File Load Tracking] TryFindFile data/ui/fonts/Arial.ttf. Result = false. find_encrypted = true is_modded = false, chunk = {00000008-0000-0000-d0d6-616802000000}, start = 0xFFFFFFFFFFFFFFFF, end = 0x26861DBA0, offset = 0x14BCBC348, size = 0xF2763070)
04:53:10.230884	INFO	[Legacy File Load Tracking] TryFindFile data/ui/fonts/Arial.ttf. Result = false. find_encrypted = true is_modded = false, chunk = {00000008-0000-0000-d0d6-616802000000}, start = 0xFFFFFFFFFFFFFFFF, end = 0x26861DBA0, offset = 0x14BCBC348, size = 0xF271A3F0)
04:53:10.247938	INFO	[Legacy File Load Tracking] TryFindFile data/ui/fonts/Arial.ttf. Result = false. find_encrypted = true is_modded = false, chunk = {00000008-0000-0000-d0d6-616802000000}, start = 0xFFFFFFFFFFFFFFFF, end = 0x26861DBA0, offset = 0x14BCBC348, size = 0xF2762F50)
04:53:10.263476	INFO	[Legacy File Load Tracking] TryFindFile data/ui/fonts/Arial.ttf. Result = false. find_encrypted = true is_modded = false, chunk = {00000008-0000-0000-d0d6-616802000000}, start = 0xFFFFFFFFFFFFFFFF, end = 0x26861DBA0, offset = 0x14BCBC348, size = 0xF2763038)
04:53:10.281624	INFO	[Legacy File Load Tracking] TryFindFile data/ui/fonts/Arial.ttf. Result = false. find_encrypted = true is_modded = false, chunk = {00000008-0000-0000-d0d6-616802000000}, start = 0xFFFFFFFFFFFFFFFF, end = 0x26861DBA0, offset = 0x14BCBC348, size = 0xF27626E8)
04:53:10.297856	INFO	[Legacy File Load Tracking] TryFindFile data/ui/fonts/Arial.ttf. Result = false. find_encrypted = true is_modded = false, chunk = {00000008-0000-0000-d0d6-616802000000}, start = 0xFFFFFFFFFFFFFFFF, end = 0x26861DBA0, offset = 0x14BCBC348, size = 0xF2763070)
04:53:10.313244	INFO	[Legacy File Load Tracking] TryFindFile data/ui/fonts/Arial.ttf. Result = false. find_encrypted = true is_modded = false, chunk = {00000008-0000-0000-d0d6-616802000000}, start = 0xFFFFFFFFFFFFFFFF, end = 0x26861DBA0, offset = 0x14BCBC348, size = 0xF271A3F0)
04:53:10.330402	INFO	[Legacy File Load Tracking] TryFindFile data/ui/fonts/Arial.ttf. Result = false. find_encrypted = true is_modded = false, chunk = {00000008-0000-0000-d0d6-616802000000}, start = 0xFFFFFFFFFFFFFFFF, end = 0x26861DBA0, offset = 0x14BCBC348, size = 0xF2762F50)
04:53:10.347423	INFO	[Legacy File Load Tracking] TryFindFile data/ui/fonts/Arial.ttf. Result = false. find_encrypted = true is_modded = false, chunk = {00000008-0000-0000-d0d6-616802000000}, start = 0xFFFFFFFFFFFFFFFF, end = 0x26861DBA0, offset = 0x14BCBC348, size = 0xF2763038)
04:53:10.364476	INFO	[Legacy File Load Tracking] TryFindFile data/ui/fonts/Arial.ttf. Result = false. find_encrypted = true is_modded = false, chunk = {00000008-0000-0000-d0d6-616802000000}, start = 0xFFFFFFFFFFFFFFFF, end = 0x26861DBA0, offset = 0x14BCBC348, size = 0xF27626E8)
04:53:10.380601	INFO	[Legacy File Load Tracking] TryFindFile data/ui/fonts/Arial.ttf. Result = false. find_encrypted = true is_modded = false, chunk = {00000008-0000-0000-d0d6-616802000000}, start = 0xFFFFFFFFFFFFFFFF, end = 0x26861DBA0, offset = 0x14BCBC348, size = 0xF2763070)
04:53:10.397603	INFO	[Legacy File Load Tracking] TryFindFile data/ui/fonts/Arial.ttf. Result = false. find_encrypted = true is_modded = false, chunk = {00000008-0000-0000-d0d6-616802000000}, start = 0xFFFFFFFFFFFFFFFF, end = 0x26861DBA0, offset = 0x14BCBC348, size = 0xF271A3F0)
04:53:10.414684	INFO	[Legacy File Load Tracking] TryFindFile data/ui/fonts/Arial.ttf. Result = false. find_encrypted = true is_modded = false, chunk = {00000008-0000-0000-d0d6-616802000000}, start = 0xFFFFFFFFFFFFFFFF, end = 0x26861DBA0, offset = 0x14BCBC348, size = 0xF2762F50)
04:53:10.430194	INFO	[Legacy File Load Tracking] TryFindFile data/ui/fonts/Arial.ttf. Result = false. find_encrypted = true is_modded = false, chunk = {00000008-0000-0000-d0d6-616802000000}, start = 0xFFFFFFFFFFFFFFFF, end = 0x26861DBA0, offset = 0x14BCBC348, size = 0xF2763038)
04:53:10.448548	INFO	[Legacy File Load Tracking] TryFindFile data/ui/fonts/Arial.ttf. Result = false. find_encrypted = true is_modded = false, chunk = {00000008-0000-0000-d0d6-616802000000}, start = 0xFFFFFFFFFFFFFFFF, end = 0x26861DBA0, offset = 0x14BCBC348, size = 0xF27626E8)
04:53:10.463739	INFO	[Legacy File Load Tracking] TryFindFile data/ui/fonts/Arial.ttf. Result = false. find_encrypted = true is_modded = false, chunk = {00000008-0000-0000-d0d6-616802000000}, start = 0xFFFFFFFFFFFFFFFF, end = 0x26861DBA0, offset = 0x14BCBC348, size = 0xF2763070)
04:53:10.480276	INFO	[Legacy File Load Tracking] TryFindFile data/ui/fonts/Arial.ttf. Result = false. find_encrypted = true is_modded = false, chunk = {00000008-0000-0000-d0d6-616802000000}, start = 0xFFFFFFFFFFFFFFFF, end = 0x26861DBA0, offset = 0x14BCBC348, size = 0xF271A3F0)
04:53:10.497297	INFO	[Legacy File Load Tracking] TryFindFile data/ui/fonts/Arial.ttf. Result = false. find_encrypted = true is_modded = false, chunk = {00000008-0000-0000-d0d6-616802000000}, start = 0xFFFFFFFFFFFFFFFF, end = 0x26861DBA0, offset = 0x14BCBC348, size = 0xF2762F50)
04:53:10.513814	INFO	[Legacy File Load Tracking] TryFindFile data/ui/fonts/Arial.ttf. Result = false. find_encrypted = true is_modded = false, chunk = {00000008-0000-0000-d0d6-616802000000}, start = 0xFFFFFFFFFFFFFFFF, end = 0x26861DBA0, offset = 0x14BCBC348, size = 0xF2763038)
04:53:10.530817	INFO	[Legacy File Load Tracking] TryFindFile data/ui/fonts/Arial.ttf. Result = false. find_encrypted = true is_modded = false, chunk = {00000008-0000-0000-d0d6-616802000000}, start = 0xFFFFFFFFFFFFFFFF, end = 0x26861DBA0, offset = 0x14BCBC348, size = 0xF27626E8)
